Ticker,Company Name,Year,Age(C1),DER(C2),Size(C3),Affiliation(C4),PIAC(C5),ROA(FP1),TOBIN'S Q(FP2),ROE(FP3),Asset Utilization(SCA1),VACA(IC1),VAHU(IC2),STVA(IC3),VAIC(IC4)
ADMR,ADARO MINERALS INDONESIA TBK.. PT,2021,14,3.70,30.25,0,0.67,0.16,3.98,0.76,0.48,1.106,62.569,0.984,64.659
ADMR,ADARO MINERALS INDONESIA TBK.. PT,2022,15,1.26,30.64,1,0.67,0.26,3.98,0.59,0.71,0.733,110.361,0.991,112.084
ADRO,ADARO ENERGY TBK.. PT,2012,8,1.23,31.77,1,0.67,0.06,1.34,0.13,0.56,0.944,57.857,0.983,59.784
ADRO,ADARO ENERGY TBK.. PT,2013,9,1.11,31.88,1,0.67,0.03,0.95,0.07,0.49,0.839,37.639,0.973,39.452
ADRO,ADARO ENERGY TBK.. PT,2014,10,0.97,31.96,1,0.67,0.03,0.91,0.05,0.52,0.828,37.678,0.973,39.480
ADRO,ADARO ENERGY TBK.. PT,2015,11,0.78,32.01,1,0.67,0.03,0.64,0.05,0.45,0.683,33.546,0.970,35.200
ADRO,ADARO ENERGY TBK.. PT,2016,12,0.72,32.09,1,0.67,0.05,1.04,0.09,0.39,0.512,26.319,0.962,27.793
ADRO,ADARO ENERGY TBK.. PT,2017,13,0.67,32.16,1,0.67,0.07,1.04,0.12,0.48,0.576,27.782,0.964,29.321
ADRO,ADARO ENERGY TBK.. PT,2018,14,0.64,32.28,1,0.67,0.06,0.77,0.10,0.51,0.620,27.329,0.963,28.912
ADRO,ADARO ENERGY TBK.. PT,2019,15,0.81,32.24,1,0.67,0.06,0.94,0.11,0.48,0.724,25.991,0.962,27.676
ADRO,ADARO ENERGY TBK.. PT,2020,16,0.62,32.13,1,0.67,0.03,0.89,0.04,0.40,0.545,20.758,0.952,22.254
ADRO,ADARO ENERGY TBK.. PT,2021,17,0.70,32.32,1,0.67,0.14,1.08,0.23,0.57,3.120,1.377,0.274,4.770
ADRO,ADARO ENERGY TBK.. PT,2022,18,0.65,32.76,1,0.67,0.26,1.12,0.43,0.92,1.199,86.566,0.988,88.753
AIMS,AKBAR INDO MAKMUR STIMEC TBK,2012,16,1.05,24.55,0,0.67,0.04,1.09,0.07,5.54,11.455,76.712,0.987,89.154
AIMS,AKBAR INDO MAKMUR STIMEC TBK,2014,17,0.05,23.87,0,0.67,-0.09,1.83,-0.09,1.18,1.434,15.622,0.936,17.992
AIMS,AKBAR INDO MAKMUR STIMEC TBK,2015,18,0.04,23.76,0,0.67,-0.10,2.25,-0.11,0.01,0.262,2.360,0.576,3.198
AIMS,AKBAR INDO MAKMUR STIMEC TBK,2016,19,0.02,23.56,0,0.67,-0.20,2.35,-0.21,0.03,0.231,2.512,0.602,3.345
AIMS,AKBAR INDO MAKMUR STIMEC TBK,2017,20,0.01,23.44,0,0.67,-0.11,3.62,-0.11,0.17,0.345,5.823,0.828,6.997
AIMS,AKBAR INDO MAKMUR STIMEC TBK,2018,21,0.22,23.59,0,0.00,-0.04,2.44,-0.04,0.00,0.061,3.752,0.733,4.546
AIMS,AKBAR INDO MAKMUR STIMEC TBK,2019,22,0.29,23.59,0,0.00,-0.04,2.48,-0.05,0.00,0.085,2.498,0.600,3.182
AIMS,AKBAR INDO MAKMUR STIMEC TBK,2020,23,0.63,23.76,0,0.00,-0.04,1.95,-0.07,0.23,0.473,12.996,0.923,14.392
AIMS,AKBAR INDO MAKMUR STIMEC TBK,2021,24,0.53,23.88,0,0.00,0.11,4.10,0.17,1.64,2.374,78.588,0.987,81.950
AIMS,AKBAR INDO MAKMUR STIMEC TBK,2022,25,0.88,24.10,0,0.00,0.01,2.02,0.01,1.11,2.312,7.748,0.871,10.931
AKRA,AKR CORPORINDO TBK. PT,2012,35,1.92,30.10,1,0.75,0.06,2.01,0.16,1.84,5.199,113.490,0.991,119.680
AKRA,AKR CORPORINDO TBK. PT,2013,36,1.73,30.31,1,0.75,0.04,1.79,0.12,1.53,4.053,84.649,0.988,89.689
AKRA,AKR CORPORINDO TBK. PT,2014,37,1.48,30.33,1,0.75,0.05,1.69,0.14,1.52,3.637,59.049,0.983,63.669
AKRA,AKR CORPORINDO TBK. PT,2015,38,1.09,30.35,1,0.75,0.07,2.38,0.14,1.30,2.564,45.952,0.978,49.494
AKRA,AKR CORPORINDO TBK. PT,2016,39,0.96,30.39,1,0.75,0.06,2.00,0.13,0.96,1.786,37.137,0.973,39.896
AKRA,AKR CORPORINDO TBK. PT,2017,40,0.86,30.45,1,0.67,0.07,1.98,0.13,1.09,1.893,45.796,0.978,48.667
AKRA,AKR CORPORINDO TBK. PT,2018,41,1.01,30.62,1,0.67,0.08,1.37,0.17,1.18,2.314,56.776,0.982,60.072
AKRA,AKR CORPORINDO TBK. PT,2019,42,1.13,30.70,1,0.67,0.03,1.27,0.07,1.01,2.089,46.628,0.979,49.696
AKRA,AKR CORPORINDO TBK. PT,2020,43,0.77,30.56,1,0.67,0.05,1.12,0.09,0.95,1.602,31.743,0.969,34.313
AKRA,AKR CORPORINDO TBK. PT,2021,44,1.08,30.79,1,0.67,0.05,1.22,0.10,1.09,2.180,51.047,0.980,54.208
AKRA,AKR CORPORINDO TBK. PT,2022,45,1.07,30.93,1,1.00,0.09,1.55,0.19,1.75,3.404,75.514,0.987,79.904
APEX,APEXINDO PRATAMA DUTA TBK,2013,29,14.97,29.57,1,0.67,-0.01,1.77,-0.24,0.39,5.195,6.542,0.847,12.584
APEX,APEXINDO PRATAMA DUTA TBK,2014,30,29.10,29.86,1,0.67,-0.02,1.87,-0.61,0.32,8.872,6.352,0.843,16.066
APEX,APEXINDO PRATAMA DUTA TBK,2015,31,14.30,29.88,1,0.67,0.03,1.85,0.43,0.35,3.677,4.979,0.799,9.455
APEX,APEXINDO PRATAMA DUTA TBK,2016,32,24.30,29.84,1,0.67,-0.03,1.48,-0.73,0.15,2.657,3.426,0.708,6.791
APEX,APEXINDO PRATAMA DUTA TBK,2017,33,-13.29,29.69,1,0.67,-0.18,1.69,2.18,0.13,-2.560,7.203,0.861,5.504
APEX,APEXINDO PRATAMA DUTA TBK,2018,34,-4.43,29.66,1,0.67,-0.20,1.89,0.69,0.18,-0.903,6.781,0.853,6.731
APEX,APEXINDO PRATAMA DUTA TBK,2019,35,7.90,29.57,0,0.67,0.04,1.03,0.36,0.19,1.666,4.647,0.785,7.097
APEX,APEXINDO PRATAMA DUTA TBK,2020,36,1.65,29.19,0,0.67,0.13,0.87,0.35,0.00,-0.036,-0.307,4.255,3.912
APEX,APEXINDO PRATAMA DUTA TBK,2021,37,1.73,29.26,0,0.67,0.01,1.10,0.03,0.00,0.484,4.331,0.769,5.585
APEX,APEXINDO PRATAMA DUTA TBK,2022,38,2.96,29.05,0,0.67,-0.25,0.86,-0.98,0.31,2.568,9.859,0.899,13.326
ARII,ATLAS RESOURCES TBK.. PT,2012,6,1.07,28.66,1,1.00,-0.04,2.09,-0.07,0.33,0.816,10.776,0.907,12.499
ARII,ATLAS RESOURCES TBK.. PT,2013,7,1.38,28.83,0,1.00,-0.03,1.24,-0.08,0.36,1.087,7.678,0.870,9.635
ARII,ATLAS RESOURCES TBK.. PT,2015,8,3.29,29.18,0,1.00,-0.07,1.01,-0.31,0.08,0.629,8.984,0.889,10.502
ARII,ATLAS RESOURCES TBK.. PT,2016,9,4.87,29.11,0,1.00,-0.07,1.18,-0.43,0.04,0.428,5.715,0.825,6.968
ARII,ATLAS RESOURCES TBK.. PT,2017,10,7.22,29.12,0,1.00,-0.05,1.54,-0.39,0.09,0.808,6.585,0.848,8.241
ARII,ATLAS RESOURCES TBK.. PT,2018,11,34.06,29.27,0,1.00,-0.08,1.50,-2.83,0.11,5.755,8.876,0.887,15.519
ARII,ATLAS RESOURCES TBK.. PT,2019,12,6.90,29.25,0,1.00,-0.02,1.35,-0.12,0.17,1.277,10.424,0.904,12.605
ARII,ATLAS RESOURCES TBK.. PT,2020,13,11.79,29.26,0,1.00,-0.05,1.19,-0.58,0.12,2.061,11.231,0.911,14.203
ARII,ATLAS RESOURCES TBK.. PT,2021,14,8.45,29.29,0,1.00,0.00,1.06,0.02,0.31,2.656,18.013,0.944,21.614
ARII,ATLAS RESOURCES TBK.. PT,2022,15,5.39,29.59,0,1.00,0.06,0.99,0.37,0.55,2.545,28.092,0.964,31.601
ARTI,RATU PRABU ENERGI TBK,2012,19,0.67,27.99,0,0.67,0.02,0.69,0.04,0.31,0.580,3.053,0.672,4.305
ARTI,RATU PRABU ENERGI TBK,2013,20,0.70,28.09,0,0.67,0.03,0.59,0.04,0.26,0.254,4.762,0.790,5.806
ARTI,RATU PRABU ENERGI TBK,2014,21,0.83,28.20,0,0.67,0.02,0.54,0.03,0.20,0.259,6.086,0.836,7.181
ARTI,RATU PRABU ENERGI TBK,2015,22,0.45,28.53,0,0.67,0.01,0.86,0.01,0.09,0.091,2.267,0.559,2.917
ARTI,RATU PRABU ENERGI TBK,2016,23,0.51,28.59,0,0.67,0.00,0.49,0.00,0.08,0.078,3.434,0.709,4.221
ARTI,RATU PRABU ENERGI TBK,2017,24,0.42,28.55,0,0.67,0.00,0.45,0.01,0.10,0.082,2.771,0.639,3.492
ARTI,RATU PRABU ENERGI TBK,2018,25,0.50,28.62,0,0.67,0.00,0.48,0.01,0.11,0.101,2.925,0.658,3.684
ARTI,RATU PRABU ENERGI TBK,2019,26,1.23,28.21,0,0.67,-0.56,0.77,-1.24,0.10,0.553,5.279,0.811,6.642
ARTI,RATU PRABU ENERGI TBK,2020,27,-6.48,27.47,0,0.67,-1.12,1.64,6.14,0.04,-0.426,2.316,0.568,2.458
ARTI,RATU PRABU ENERGI TBK,2021,28,-7.54,27.19,0,0.67,-0.21,1.76,1.36,0.01,-0.918,10.178,0.902,10.162
BBRM,PELAYARAN NASIONAL BINA BUANA RAYA TBK. PT,2013,15,1.18,28.17,0,0.67,0.03,0.83,0.07,0.23,0.344,6.186,0.838,7.369
BBRM,PELAYARAN NASIONAL BINA BUANA RAYA TBK. PT,2014,16,0.69,28.37,0,0.67,0.00,0.91,0.00,0.19,0.310,6.851,0.854,8.015
BBRM,PELAYARAN NASIONAL BINA BUANA RAYA TBK. PT,2015,17,1.03,28.37,0,0.67,-0.18,0.63,-0.36,0.16,0.664,10.768,0.907,12.339
BBRM,PELAYARAN NASIONAL BINA BUANA RAYA TBK. PT,2016,18,1.03,28.26,0,0.67,-0.06,0.65,-0.11,0.18,0.461,7.445,0.866,8.772
BBRM,PELAYARAN NASIONAL BINA BUANA RAYA TBK. PT,2017,19,2.12,27.89,0,0.67,-0.40,0.89,-1.25,0.25,1.974,18.225,0.945,21.144
BBRM,PELAYARAN NASIONAL BINA BUANA RAYA TBK. PT,2018,20,2.77,27.87,0,0.67,-0.09,0.95,-0.36,0.24,1.132,7.015,0.857,9.004
BBRM,PELAYARAN NASIONAL BINA BUANA RAYA TBK. PT,2019,21,3.25,27.71,0,0.67,-0.06,1.36,-0.25,0.00,1.103,5.355,0.813,7.272
BBRM,PELAYARAN NASIONAL BINA BUANA RAYA TBK. PT,2020,22,4.18,26.99,0,0.67,-0.30,2.02,-1.55,0.00,2.911,7.885,0.873,11.670
BBRM,PELAYARAN NASIONAL BINA BUANA RAYA TBK. PT,2021,23,3.15,26.90,0,0.67,0.02,2.08,0.08,0.00,0.936,4.872,0.795,6.603
BBRM,PELAYARAN NASIONAL BINA BUANA RAYA TBK. PT,2022,24,0.32,27.01,0,0.67,0.02,1.39,0.03,0.27,0.355,5.379,0.814,6.547
BESS,BATULICIN NUSANTARA MARITIM TBK. PT,2020,9,0.96,27.15,0,0.67,0.08,1.82,0.16,0.48,0.640,7.183,0.861,8.684
BESS,BATULICIN NUSANTARA MARITIM TBK. PT,2021,10,0.55,27.23,0,0.67,0.17,4.86,0.26,0.61,0.598,8.766,0.886,10.251
BESS,BATULICIN NUSANTARA MARITIM TBK. PT,2022,11,0.57,27.37,0,0.67,0.07,1.12,0.11,0.53,0.665,9.875,0.899,11.439
BIPI,ASTRINDO NUSANTARA INFRASTRUKTUR TBK. PT,2012,6,0.20,29.10,0,0.50,0.00,1.71,0.00,0.08,0.106,9.605,0.896,10.608
BIPI,ASTRINDO NUSANTARA INFRASTRUKTUR TBK. PT,2014,7,2.03,30.44,0,0.50,0.01,0.93,0.02,0.02,-0.062,-7.538,1.133,-6.467
BIPI,ASTRINDO NUSANTARA INFRASTRUKTUR TBK. PT,2015,8,1.96,30.55,0,0.50,0.00,0.76,0.01,0.01,-0.015,-2.860,1.350,-1.526
BIPI,ASTRINDO NUSANTARA INFRASTRUKTUR TBK. PT,2016,9,3.30,30.47,0,0.50,-0.13,0.92,-0.57,0.00,-0.017,-2.505,1.399,-1.123
BIPI,ASTRINDO NUSANTARA INFRASTRUKTUR TBK. PT,2017,10,5.11,30.53,0,0.75,0.05,0.99,0.30,0.00,-0.038,-4.361,1.229,-3.170
BIPI,ASTRINDO NUSANTARA INFRASTRUKTUR TBK. PT,2018,11,2.32,30.52,0,0.75,0.02,0.81,0.05,0.02,-0.303,-33.322,1.030,-32.596
BIPI,ASTRINDO NUSANTARA INFRASTRUKTUR TBK. PT,2019,12,2.45,30.49,0,0.75,0.02,0.88,0.08,0.06,-0.094,-8.931,1.112,-7.913
BIPI,ASTRINDO NUSANTARA INFRASTRUKTUR TBK. PT,2020,13,2.49,30.57,0,0.75,0.02,0.87,0.07,0.06,-0.060,-7.178,1.139,-6.098
BIPI,ASTRINDO NUSANTARA INFRASTRUKTUR TBK. PT,2021,14,1.35,30.24,0,0.75,0.02,0.79,0.05,0.07,-0.055,-6.521,1.153,-5.423
BIPI,ASTRINDO NUSANTARA INFRASTRUKTUR TBK. PT,2022,15,1.11,30.51,0,0.75,0.01,1.04,0.03,0.04,-0.133,-22.468,1.045,-21.556
BOSS,BORNEO OLAH SARANA SUKSES TBK. PT,2018,7,1.81,27.01,0,1.00,0.04,6.90,0.12,0.51,1.272,10.024,0.900,12.196
BOSS,BORNEO OLAH SARANA SUKSES TBK. PT,2019,8,3.51,27.49,0,0.67,0.00,1.05,0.01,0.31,1.402,11.301,0.912,13.614
BOSS,BORNEO OLAH SARANA SUKSES TBK. PT,2020,9,7.00,27.27,0,0.67,-0.15,1.18,-1.22,0.24,3.002,16.805,0.940,20.747
BOSS,BORNEO OLAH SARANA SUKSES TBK. PT,2021,10,-7.71,26.98,0,0.67,-0.32,1.34,2.12,0.08,-2.384,44.949,0.978,43.543
BSSR,BARAMULTI SUKSESSARANA TBK. PT,2012,22,0.69,27.90,1,0.67,0.07,4.27,0.12,0.78,1.165,38.147,0.974,40.285
BSSR,BARAMULTI SUKSESSARANA TBK. PT,2013,23,0.83,28.14,1,0.67,0.03,3.08,0.05,0.90,1.556,43.705,0.977,46.239
BSSR,BARAMULTI SUKSESSARANA TBK. PT,2014,24,0.86,28.32,0,0.67,0.02,2.47,0.03,1.30,2.417,27.714,0.964,31.094
BSSR,BARAMULTI SUKSESSARANA TBK. PT,2015,25,0.66,28.48,0,0.67,0.15,1.61,0.25,1.49,2.166,28.269,0.965,31.400
BSSR,BARAMULTI SUKSESSARANA TBK. PT,2016,26,0.44,28.53,0,0.67,0.15,1.80,0.22,1.32,1.679,22.209,0.955,24.843
BSSR,BARAMULTI SUKSESSARANA TBK. PT,2017,27,0.40,28.68,0,0.67,0.39,2.22,0.55,1.87,1.936,31.317,0.968,34.221
BSSR,BARAMULTI SUKSESSARANA TBK. PT,2018,28,0.63,28.92,0,0.67,0.28,2.11,0.46,1.81,2.408,32.844,0.970,36.222
BSSR,BARAMULTI SUKSESSARANA TBK. PT,2019,29,0.47,28.88,0,0.67,0.12,1.69,0.18,1.57,2.257,34.418,0.971,37.646
BSSR,BARAMULTI SUKSESSARANA TBK. PT,2020,30,0.38,28.94,0,0.67,0.12,1.47,0.16,1.26,1.569,27.996,0.964,30.529
BSSR,BARAMULTI SUKSESSARANA TBK. PT,2021,31,0.72,29.46,0,0.67,0.47,2.14,0.81,1.59,1.727,30.969,0.968,33.664
BSSR,BARAMULTI SUKSESSARANA TBK. PT,2022,32,0.84,29.48,0,0.67,0.59,2.24,1.09,2.54,3.212,45.073,0.978,49.263
BULL,BUANA LINTAS LAUTAN TBK. PT,2012,7,1.31,28.77,0,0.67,0.01,0.86,0.03,0.21,0.332,3.123,0.680,4.135
BULL,BUANA LINTAS LAUTAN TBK. PT,2013,8,1.52,28.62,0,0.67,-0.16,0.89,-0.41,0.19,0.492,4.654,0.785,5.930
BULL,BUANA LINTAS LAUTAN TBK. PT,2014,9,1.50,28.47,0,0.67,-0.14,0.96,-0.35,0.22,0.388,3.330,0.700,4.418
BULL,BUANA LINTAS LAUTAN TBK. PT,2015,10,1.02,28.65,0,0.67,0.05,0.56,0.10,0.24,0.366,4.094,0.756,5.215
BULL,BUANA LINTAS LAUTAN TBK. PT,2016,11,1.42,28.79,0,0.67,0.00,0.68,0.00,0.21,0.470,4.168,0.760,5.398
BULL,BUANA LINTAS LAUTAN TBK. PT,2017,12,0.97,29.07,0,0.50,0.03,0.65,0.05,0.21,0.324,3.660,0.727,4.711
BULL,BUANA LINTAS LAUTAN TBK. PT,2018,13,0.70,29.21,0,0.50,0.04,0.59,0.07,0.26,0.346,4.135,0.758,5.239
BULL,BUANA LINTAS LAUTAN TBK. PT,2019,14,0.95,29.67,0,0.50,0.04,0.79,0.08,0.23,0.392,6.065,0.835,7.293
BULL,BUANA LINTAS LAUTAN TBK. PT,2020,15,1.37,30.09,0,0.67,0.05,1.00,0.11,0.00,0.307,3.688,0.729,4.724
BULL,BUANA LINTAS LAUTAN TBK. PT,2021,16,4.41,29.78,0,0.67,-0.38,0.23,-2.08,0.25,1.731,8.840,0.887,11.458
BUMI,BUMI RESOURCES TBK. PT,2012,39,17.75,31.86,0,0.67,-0.09,1.12,-1.70,0.51,8.129,113.442,0.991,122.562
BUMI,BUMI RESOURCES TBK. PT,2013,40,-24.12,31.92,0,0.67,-0.09,1.12,2.01,0.51,-9.347,112.848,0.991,104.492
BUMI,BUMI RESOURCES TBK. PT,2014,41,-7.17,31.63,0,0.67,-0.08,1.21,0.50,0.01,1.835,-107.023,1.009,-104.179
BUMI,BUMI RESOURCES TBK. PT,2015,42,-2.17,31.45,0,0.67,-0.57,1.90,0.66,0.01,-0.147,50.237,0.980,51.070
BUMI,BUMI RESOURCES TBK. PT,2016,43,-2.11,31.35,0,0.67,0.02,2.14,-0.02,0.01,0.136,-47.649,1.021,-46.492
BUMI,BUMI RESOURCES TBK. PT,2017,44,11.91,31.54,0,0.50,0.10,1.28,1.30,0.00,-3.415,-116.018,1.009,-118.424
BUMI,BUMI RESOURCES TBK. PT,2018,45,6.76,31.69,0,0.50,0.06,0.99,0.44,0.29,1.756,64.310,0.984,67.051
BUMI,BUMI RESOURCES TBK. PT,2019,46,6.26,31.57,0,0.50,0.00,0.48,0.02,0.00,1.868,56.633,0.982,59.483
BUMI,BUMI RESOURCES TBK. PT,2020,47,24.85,31.51,0,0.50,-0.10,0.55,-2.54,0.00,4.471,43.831,0.977,49.279
BUMI,BUMI RESOURCES TBK. PT,2021,48,5.53,31.73,0,0.50,0.05,0.41,0.35,0.20,0.890,49.756,0.980,51.626
BUMI,BUMI RESOURCES TBK. PT,2022,49,0.59,31.89,0,0.33,0.12,0.85,0.20,0.41,0.491,94.610,0.989,96.090
BYAN,BAYAN RESOURCES TBK.. PT,2015,11,4.45,30.16,1,0.50,-0.07,2.85,-0.37,0.50,2.570,11.703,0.915,15.188
BYAN,BAYAN RESOURCES TBK.. PT,2016,12,3.38,30.03,1,0.50,0.03,2.58,0.15,0.67,2.291,10.737,0.907,13.936
BYAN,BAYAN RESOURCES TBK.. PT,2017,13,0.72,30.12,1,0.50,0.36,3.35,0.62,1.20,1.233,14.656,0.932,16.820
BYAN,BAYAN RESOURCES TBK.. PT,2018,14,0.70,30.46,0,0.50,0.44,4.39,0.74,1.46,1.517,20.685,0.952,23.154
BYAN,BAYAN RESOURCES TBK.. PT,2019,15,1.06,30.51,1,0.50,0.18,3.04,0.38,1.11,2.061,22.368,0.955,25.384
BYAN,BAYAN RESOURCES TBK.. PT,2020,16,0.88,30.76,1,0.67,0.21,2.31,0.40,0.86,1.319,18.851,0.947,21.117
BYAN,BAYAN RESOURCES TBK.. PT,2021,17,0.31,31.18,1,0.75,0.52,2.62,0.68,1.17,0.638,15.528,0.936,17.102
BYAN,BAYAN RESOURCES TBK.. PT,2022,18,0.98,31.76,1,0.75,0.58,1.18,1.15,1.19,0.756,11.134,0.910,12.800
CANI,CAPITOL NUSANTARA INDONESIA TBK. PT,2014,10,4.69,27.69,0,0.50,0.01,1.03,0.03,0.20,1.013,12.540,0.920,14.473
CANI,CAPITOL NUSANTARA INDONESIA TBK. PT,2015,11,6.73,27.71,0,0.50,-0.07,1.08,-0.50,0.13,1.363,35.015,0.971,37.350
CANI,CAPITOL NUSANTARA INDONESIA TBK. PT,2016,12,24.77,27.55,0,0.50,-0.11,1.20,-2.89,0.07,4.897,8.642,0.884,14.424
CANI,CAPITOL NUSANTARA INDONESIA TBK. PT,2017,13,-20.30,27.46,0,0.50,-0.09,1.59,1.83,0.07,-3.374,9.467,0.894,6.987
CANI,CAPITOL NUSANTARA INDONESIA TBK. PT,2018,14,-8.66,27.47,0,0.50,-0.08,1.36,0.57,0.04,-0.940,10.312,0.903,10.274
CANI,CAPITOL NUSANTARA INDONESIA TBK. PT,2019,15,-2.29,26.75,0,0.50,-0.19,2.08,0.25,0.06,-0.243,8.678,0.885,9.320
CANI,CAPITOL NUSANTARA INDONESIA TBK. PT,2020,16,-1.99,26.58,0,0.50,-0.08,2.44,0.08,0.11,-0.350,17.728,0.944,18.322
CANI,CAPITOL NUSANTARA INDONESIA TBK. PT,2021,17,-1.76,26.42,0,0.50,-0.10,2.65,0.07,0.15,-0.209,13.496,0.926,14.213
CNKO,EXPLOITASI ENERGI INDONESIA TBK (PT),2012,13,0.64,28.04,0,0.67,0.05,1.41,0.09,1.01,1.441,95.285,0.990,97.715
CNKO,EXPLOITASI ENERGI INDONESIA TBK (PT),2013,14,0.67,29.32,0,0.67,0.02,0.92,0.03,0.30,0.428,24.484,0.959,25.871
CNKO,EXPLOITASI ENERGI INDONESIA TBK (PT),2014,15,0.77,29.33,0,0.67,-0.02,0.69,-0.04,0.18,0.292,12.921,0.923,14.136
CNKO,EXPLOITASI ENERGI INDONESIA TBK (PT),2015,16,1.20,29.35,0,0.67,-0.10,0.62,-0.21,0.20,0.483,23.097,0.957,24.537
CNKO,EXPLOITASI ENERGI INDONESIA TBK (PT),2016,17,1.71,29.28,0,0.67,-0.12,0.72,-0.31,0.43,1.245,51.818,0.981,54.043
CNKO,EXPLOITASI ENERGI INDONESIA TBK (PT),2017,18,7.82,28.94,0,0.67,-0.43,1.01,-3.75,0.42,6.711,56.487,0.982,64.180
CNKO,EXPLOITASI ENERGI INDONESIA TBK (PT),2018,19,-4.31,28.63,0,0.67,-0.31,1.47,1.03,0.95,-2.737,41.342,0.976,39.581
CNKO,EXPLOITASI ENERGI INDONESIA TBK (PT),2019,20,-3.41,28.12,0,0.67,0.07,1.69,-0.17,0.75,-0.937,13.992,0.929,13.983
CNKO,EXPLOITASI ENERGI INDONESIA TBK (PT),2020,21,-1.97,27.74,0,0.67,-0.24,2.44,0.23,0.80,-0.607,20.051,0.950,20.395
CNKO,EXPLOITASI ENERGI INDONESIA TBK (PT),2021,22,-1.99,27.82,0,0.67,-0.06,2.39,0.06,0.81,-0.593,28.922,0.965,29.294
CNKO,EXPLOITASI ENERGI INDONESIA TBK (PT),2022,23,-1.71,27.53,0,0.67,-0.07,2.91,0.05,1.52,-0.786,30.956,0.968,31.137
DEWA,DARMA HENWA TBK. PT,2012,21,0.61,29.05,0,0.67,-0.09,0.64,-0.15,0.76,1.530,10.997,0.909,13.436
DEWA,DARMA HENWA TBK. PT,2013,22,0.65,28.97,0,0.67,-0.14,0.64,-0.23,0.61,1.327,7.835,0.872,10.034
DEWA,DARMA HENWA TBK. PT,2014,23,0.59,29.07,0,0.67,0.00,0.62,0.00,0.66,1.156,7.506,0.867,9.529
DEWA,DARMA HENWA TBK. PT,2015,24,0.66,29.24,0,0.67,0.00,0.61,0.00,0.64,1.145,9.304,0.893,11.341
DEWA,DARMA HENWA TBK. PT,2016,25,0.69,29.26,0,0.67,0.00,0.62,0.00,0.68,1.240,9.259,0.892,11.391
DEWA,DARMA HENWA TBK. PT,2017,26,0.77,29.33,0,0.67,0.01,0.63,0.01,0.60,1.116,7.716,0.870,9.702
DEWA,DARMA HENWA TBK. PT,2018,27,0.80,29.44,0,0.67,0.01,0.63,0.01,0.67,1.297,8.743,0.886,10.926
DEWA,DARMA HENWA TBK. PT,2019,28,1.35,29.66,0,1.00,0.01,0.72,0.02,0.63,1.556,12.076,0.917,14.549
DEWA,DARMA HENWA TBK. PT,2020,29,1.04,29.68,0,0.67,0.00,0.65,0.01,0.55,1.236,9.171,0.891,11.298
DEWA,DARMA HENWA TBK. PT,2021,30,1.08,29.72,0,0.67,0.00,0.66,0.00,0.57,1.253,6.800,0.853,8.906
DEWA,DARMA HENWA TBK. PT,2022,31,1.16,29.79,0,0.67,-0.03,0.67,-0.07,0.74,1.852,7.466,0.866,10.184
DOID,DELTA DUNIA MAKMUR TBK,2012,22,11.96,30.02,0,0.67,-0.01,1.03,-0.17,0.73,8.547,29.949,0.967,39.462
DOID,DELTA DUNIA MAKMUR TBK,2013,23,14.81,30.06,0,0.67,-0.03,0.99,-0.43,0.64,10.240,6.013,0.834,17.086
DOID,DELTA DUNIA MAKMUR TBK,2014,24,9.69,30.01,0,0.67,0.02,1.05,0.19,0.67,6.818,6.276,0.841,13.935
DOID,DELTA DUNIA MAKMUR TBK,2015,25,8.79,30.04,0,0.67,-0.01,0.94,-0.10,0.68,6.159,6.215,0.839,13.214
DOID,DELTA DUNIA MAKMUR TBK,2016,26,5.98,30.09,0,0.67,0.04,1.21,0.29,0.69,4.387,5.100,0.804,10.292
DOID,DELTA DUNIA MAKMUR TBK,2017,27,4.34,30.18,0,0.67,0.05,1.29,0.26,0.81,4.213,3.703,0.730,8.647
DOID,DELTA DUNIA MAKMUR TBK,2018,28,3.53,30.49,0,0.67,0.06,1.04,0.29,0.75,3.129,5.683,0.824,9.636
DOID,DELTA DUNIA MAKMUR TBK,2019,29,3.21,30.43,0,0.67,0.02,0.91,0.07,0.75,3.256,5.280,0.811,9.347
DOID,DELTA DUNIA MAKMUR TBK,2020,30,2.70,30.25,0,0.67,-0.02,0.95,-0.09,0.62,2.539,4.752,0.790,8.080
DOID,DELTA DUNIA MAKMUR TBK,2021,31,5.16,30.78,0,0.67,0.00,0.94,0.00,0.56,3.541,5.883,0.830,10.254
DOID,DELTA DUNIA MAKMUR TBK,2022,32,5.13,30.84,0,0.67,0.02,0.94,0.11,0.99,6.532,5.223,0.809,12.563
DSSA,DIAN SWASTATIKA SENTOSA TBK. PT,2012,16,0.33,30.07,0,0.67,0.01,1.14,0.02,0.52,0.698,30.107,0.967,31.771
DSSA,DIAN SWASTATIKA SENTOSA TBK. PT,2013,17,0.39,30.16,0,0.67,-0.01,0.99,-0.01,0.51,0.732,22.743,0.956,24.430
DSSA,DIAN SWASTATIKA SENTOSA TBK. PT,2014,18,0.55,30.37,0,0.67,0.00,0.97,0.01,0.46,0.739,21.593,0.954,23.286
DSSA,DIAN SWASTATIKA SENTOSA TBK. PT,2015,19,0.79,30.92,0,0.67,0.06,0.78,0.11,0.38,0.535,17.863,0.944,19.341
DSSA,DIAN SWASTATIKA SENTOSA TBK. PT,2016,20,0.74,31.02,0,0.67,0.02,0.57,0.04,0.32,0.446,14.580,0.931,15.957
DSSA,DIAN SWASTATIKA SENTOSA TBK. PT,2017,21,0.88,31.24,0,0.33,0.03,0.76,0.06,0.48,0.714,20.873,0.952,22.539
DSSA,DIAN SWASTATIKA SENTOSA TBK. PT,2018,22,1.24,31.54,0,0.33,0.03,0.77,0.06,0.52,0.937,25.366,0.961,27.264
DSSA,DIAN SWASTATIKA SENTOSA TBK. PT,2019,23,1.27,31.58,0,0.67,0.02,0.77,0.04,0.57,0.871,21.891,0.954,23.716
DSSA,DIAN SWASTATIKA SENTOSA TBK. PT,2020,24,0.83,31.34,0,0.67,-0.02,0.75,-0.04,0.52,0.885,21.984,0.955,23.824
DSSA,DIAN SWASTATIKA SENTOSA TBK. PT,2021,25,0.72,31.39,0,0.67,0.09,1.30,0.15,0.72,0.987,19.229,0.948,21.164
DSSA,DIAN SWASTATIKA SENTOSA TBK. PT,2022,26,1.15,32.25,0,0.50,0.20,0.84,0.44,0.93,1.378,23.725,0.958,26.062
DWGL,DWI GUNA LAKSANA TBK. PT,2017,31,-134.31,27.72,0,0.67,-0.78,5.79,103.75,0.62,-130.466,71.773,0.986,-57.707
DWGL,DWI GUNA LAKSANA TBK. PT,2018,32,-43.09,28.10,0,0.67,-0.02,1.41,0.81,0.90,-43.975,109.589,0.991,66.605
DWGL,DWI GUNA LAKSANA TBK. PT,2019,33,-19.56,27.49,0,0.67,-0.03,5.21,0.47,2.00,-35.129,92.550,0.989,58.410
DWGL,DWI GUNA LAKSANA TBK. PT,2020,34,-14.39,27.28,0,0.67,0.05,3.23,-0.68,2.23,-26.635,64.059,0.984,38.408
DWGL,DWI GUNA LAKSANA TBK. PT,2021,35,8.13,27.85,0,0.67,0.08,2.29,0.69,1.84,15.832,76.030,0.987,92.849
DWGL,DWI GUNA LAKSANA TBK. PT,2022,36,9.03,27.98,0,0.67,0.00,2.02,0.02,1.96,18.969,80.383,0.988,100.339
ELSA,ELNUSA TBK. PT,2012,43,1.13,29.09,1,1.00,0.03,0.82,0.06,1.11,2.463,8.958,0.888,12.309
ELSA,ELNUSA TBK. PT,2013,44,0.91,29.11,1,1.00,0.05,1.03,0.10,0.94,1.936,6.810,0.853,9.599
ELSA,ELNUSA TBK. PT,2014,45,0.67,29.08,1,1.00,0.10,1.58,0.17,0.99,1.752,5.748,0.826,8.326
ELSA,ELNUSA TBK. PT,2015,46,0.67,29.11,1,1.00,0.09,0.81,0.14,0.86,1.560,5.054,0.802,7.416
ELSA,ELNUSA TBK. PT,2016,47,0.46,29.06,1,1.00,0.07,1.04,0.11,0.86,1.348,5.613,0.822,7.783
ELSA,ELNUSA TBK. PT,2017,48,0.59,29.21,1,0.67,0.05,0.93,0.08,1.03,1.823,6.153,0.837,8.813
ELSA,ELNUSA TBK. PT,2018,49,0.71,29.36,1,0.67,0.05,0.86,0.08,1.17,2.203,6.618,0.849,9.670
ELSA,ELNUSA TBK. PT,2019,50,0.90,29.55,1,0.67,0.05,0.80,0.10,1.23,2.587,6.620,0.849,10.056
ELSA,ELNUSA TBK. PT,2020,51,1.02,29.65,1,0.67,0.03,0.85,0.07,1.02,2.275,6.503,0.846,9.624
ELSA,ELNUSA TBK. PT,2021,52,0.92,29.61,1,0.67,0.02,0.76,0.03,1.13,2.377,6.953,0.856,10.186
ELSA,ELNUSA TBK. PT,2022,53,1.15,29.81,1,0.67,0.04,0.79,0.09,1.39,3.258,7.710,0.870,11.838
ENRG,ENERGI MEGA PERSADA TBK. PT,2012,11,2.00,30.60,0,0.67,0.01,0.83,0.02,0.32,0.563,53.585,0.981,55.130
ENRG,ENERGI MEGA PERSADA TBK. PT,2013,12,1.61,30.82,0,0.67,0.07,0.73,0.19,0.35,0.349,29.597,0.966,30.912
ENRG,ENERGI MEGA PERSADA TBK. PT,2014,13,2.09,30.76,0,0.67,-0.03,0.86,-0.09,0.42,1.102,100.620,0.990,102.712
ENRG,ENERGI MEGA PERSADA TBK. PT,2015,14,3.12,30.64,0,0.67,-0.14,0.87,-0.59,0.41,1.794,98.930,0.990,101.714
ENRG,ENERGI MEGA PERSADA TBK. PT,2016,15,-15.82,30.28,0,0.67,-0.33,1.24,4.83,0.49,-8.227,47.202,0.979,39.953
ENRG,ENERGI MEGA PERSADA TBK. PT,2017,16,13.15,30.10,0,0.67,0.03,0.98,0.40,0.36,2.132,23.918,0.958,27.009
ENRG,ENERGI MEGA PERSADA TBK. PT,2018,17,7.53,30.01,0,0.67,-0.02,0.93,-0.15,0.37,2.207,33.839,0.970,37.017
ENRG,ENERGI MEGA PERSADA TBK. PT,2019,18,5.40,29.88,0,0.67,0.04,0.98,0.23,0.49,1.299,14.860,0.933,17.092
ENRG,ENERGI MEGA PERSADA TBK. PT,2020,19,2.98,30.11,0,0.67,0.07,1.02,0.28,0.49,0.764,18.558,0.946,20.268
ENRG,ENERGI MEGA PERSADA TBK. PT,2021,20,1.37,30.35,0,0.67,0.04,0.75,0.09,0.38,0.539,28.864,0.965,30.369
ENRG,ENERGI MEGA PERSADA TBK. PT,2022,21,1.32,30.56,0,0.67,0.06,0.96,0.13,0.38,0.531,27.926,0.964,29.421
ETWA,ETERINDO WAHANATAMA TBK,2012,19,1.20,27.59,0,0.33,0.04,0.86,0.09,1.04,2.121,47.655,0.979,50.755
ETWA,ETERINDO WAHANATAMA TBK,2013,20,1.90,27.89,0,0.33,0.01,0.93,0.02,0.93,2.405,43.420,0.977,46.802
ETWA,ETERINDO WAHANATAMA TBK,2014,21,3.51,27.92,0,0.33,-0.11,0.97,-0.48,0.75,3.703,23.049,0.957,27.708
ETWA,ETERINDO WAHANATAMA TBK,2015,22,16.59,27.92,0,0.33,-0.17,1.00,-2.96,0.30,4.807,10.873,0.908,16.588
ETWA,ETERINDO WAHANATAMA TBK,2016,23,162.19,27.78,0,0.33,-0.06,1.06,-9.64,0.21,3.150,25.792,0.961,58.249
ETWA,ETERINDO WAHANATAMA TBK,2017,24,-10.19,27.74,0,0.33,-0.11,1.16,1.05,0.05,-0.153,2.705,0.630,3.181
ETWA,ETERINDO WAHANATAMA TBK,2018,25,-5.25,27.72,0,0.33,-0.13,1.31,0.54,0.02,0.064,-2.037,1.491,-0.482
ETWA,ETERINDO WAHANATAMA TBK,2019,26,-4.25,27.75,0,0.33,-0.08,1.57,0.26,0.20,-0.686,25.708,0.961,25.983
ETWA,ETERINDO WAHANATAMA TBK,2020,27,-4.94,27.69,0,0.33,0.07,1.53,-0.27,0.00,0.394,-20.095,1.050,-18.651
ETWA,ETERINDO WAHANATAMA TBK,2021,28,-10.18,27.68,0,0.50,-0.12,1.38,1.09,0.00,0.140,-2.445,1.409,-0.897
FIRE,ALFA ENERGI INVESTAMA TBK.. PT,2017,2,1.04,26.85,0,0.67,0.00,4.75,0.00,0.39,0.698,26.728,0.963,28.388
FIRE,ALFA ENERGI INVESTAMA TBK.. PT,2018,3,0.77,27.08,0,0.67,-0.01,20.25,-0.01,1.37,2.349,116.055,0.991,119.395
FIRE,ALFA ENERGI INVESTAMA TBK.. PT,2019,4,0.60,27.02,0,0.67,0.02,1.26,0.03,2.25,3.499,91.290,0.989,95.779
FIRE,ALFA ENERGI INVESTAMA TBK.. PT,2020,5,0.43,26.95,0,0.67,0.03,4.16,0.04,2.12,2.825,122.914,0.992,126.731
FIRE,ALFA ENERGI INVESTAMA TBK.. PT,2021,6,0.61,26.93,0,0.67,-0.09,1.75,-0.15,1.70,2.574,84.040,0.988,87.602
FIRE,ALFA ENERGI INVESTAMA TBK.. PT,2022,7,0.70,26.62,0,0.67,-0.26,1.07,-0.44,0.69,1.211,26.042,0.962,28.215
GEMS,GOLDEN ENERGY MINES TBK.. PT,2012,15,0.19,28.84,1,0.67,0.05,4.22,0.06,1.15,1.397,28.382,0.965,30.743
GEMS,GOLDEN ENERGY MINES TBK.. PT,2013,16,0.36,28.86,1,0.67,0.06,3.47,0.08,1.11,1.524,32.100,0.969,34.593
GEMS,GOLDEN ENERGY MINES TBK.. PT,2014,17,0.27,28.95,1,0.67,0.03,3.22,0.04,1.38,1.741,35.574,0.972,38.287
GEMS,GOLDEN ENERGY MINES TBK.. PT,2015,18,0.49,29.23,1,0.67,0.01,1.95,0.01,0.96,1.431,28.335,0.965,30.731
GEMS,GOLDEN ENERGY MINES TBK.. PT,2016,19,0.43,29.25,1,0.67,0.09,3.43,0.13,1.02,1.295,25.406,0.961,27.662
GEMS,GOLDEN ENERGY MINES TBK.. PT,2017,20,1.02,29.71,1,0.33,0.20,2.53,0.40,1.29,2.067,35.993,0.972,39.032
GEMS,GOLDEN ENERGY MINES TBK.. PT,2018,21,1.22,29.97,1,0.33,0.14,2.03,0.31,1.49,2.922,40.413,0.975,44.310
GEMS,GOLDEN ENERGY MINES TBK.. PT,2019,22,1.18,30.02,1,0.67,0.09,1.69,0.19,1.42,2.864,37.610,0.973,41.448
GEMS,GOLDEN ENERGY MINES TBK.. PT,2020,23,1.33,30.07,1,0.67,0.12,1.88,0.27,1.30,2.677,34.890,0.971,38.539
GEMS,GOLDEN ENERGY MINES TBK.. PT,2021,24,1.62,30.10,1,0.67,0.43,4.57,1.12,0.00,3.604,23.176,0.957,27.737
GEMS,GOLDEN ENERGY MINES TBK.. PT,2022,25,1.02,30.51,1,0.67,0.62,2.84,1.25,2.59,3.635,40.830,0.976,45.441
GTBO,GARDA TUJUH BUANA TBK. PT,2012,16,1.16,28.10,0,0.67,0.25,6.47,0.55,0.50,0.419,17.322,0.942,18.683
GTBO,GARDA TUJUH BUANA TBK. PT,2013,17,0.21,27.55,0,0.67,-0.07,3.76,-0.08,0.32,0.473,19.457,0.949,20.879
GTBO,GARDA TUJUH BUANA TBK. PT,2014,18,0.18,27.59,0,0.67,-0.06,1.06,-0.07,0.37,0.578,10.418,0.904,11.899
GTBO,GARDA TUJUH BUANA TBK. PT,2015,19,0.14,27.41,0,0.67,-0.27,0.91,-0.30,0.02,0.330,11.416,0.912,12.658
GTBO,GARDA TUJUH BUANA TBK. PT,2016,20,0.16,27.32,0,0.67,-0.09,1.02,-0.11,0.00,0.146,17.756,0.944,18.845
GTBO,GARDA TUJUH BUANA TBK. PT,2017,21,0.25,27.41,0,0.67,0.00,0.73,0.00,0.16,0.219,10.726,0.907,11.852
GTBO,GARDA TUJUH BUANA TBK. PT,2018,22,0.23,27.48,0,0.67,0.04,0.89,0.05,0.58,0.693,31.749,0.969,33.411
GTBO,GARDA TUJUH BUANA TBK. PT,2019,23,0.29,27.36,0,0.67,-0.07,0.73,-0.09,0.28,0.373,29.577,0.966,30.916
GTBO,GARDA TUJUH BUANA TBK. PT,2020,24,0.34,27.40,0,0.00,-0.02,0.49,-0.03,0.00,0.047,2.809,0.644,3.500
GTBO,GARDA TUJUH BUANA TBK. PT,2021,25,0.39,27.43,0,0.00,0.00,0.50,-0.01,0.07,0.096,6.323,0.842,7.260
GTSI,GTS INTERNASIONAL TBK.. PT,2021,9,1.68,28.24,1,0.67,-0.13,1.20,-0.34,0.24,0.897,25.462,0.961,27.319
GTSI,GTS INTERNASIONAL TBK.. PT,2022,10,1.17,28.30,1,0.67,0.04,0.97,0.09,0.33,0.652,5.808,0.828,7.288
HITS,HUMPUSS INTERMODA TRANSPORTASI TBK,2013,23,8.92,28.11,1,0.00,0.02,1.75,0.19,0.40,3.514,15.166,0.934,19.615
HITS,HUMPUSS INTERMODA TRANSPORTASI TBK,2014,24,6.12,28.10,1,0.00,0.01,3.99,0.07,0.50,3.071,16.910,0.941,20.922
HITS,HUMPUSS INTERMODA TRANSPORTASI TBK,2017,25,3.23,28.50,1,0.00,0.04,2.94,0.17,0.39,1.435,4.396,0.773,6.604
HITS,HUMPUSS INTERMODA TRANSPORTASI TBK,2018,26,2.70,28.70,0,0.67,0.06,2.47,0.23,0.42,1.165,14.406,0.931,16.502
HITS,HUMPUSS INTERMODA TRANSPORTASI TBK,2019,27,2.24,28.67,1,0.67,0.06,2.51,0.21,0.42,1.076,12.929,0.923,14.928
HITS,HUMPUSS INTERMODA TRANSPORTASI TBK,2020,28,2.28,28.78,1,0.67,0.03,1.79,0.11,0.41,1.088,15.610,0.936,17.635
HITS,HUMPUSS INTERMODA TRANSPORTASI TBK,2021,29,2.52,28.79,1,0.67,-0.06,1.57,-0.20,0.38,1.390,17.751,0.944,20.085
HITS,HUMPUSS INTERMODA TRANSPORTASI TBK,2022,30,1.88,28.92,1,0.67,0.05,1.37,0.14,0.49,1.149,17.399,0.943,19.490
HRUM,HARUM ENERGY TBK.. PT,2012,17,0.26,29.25,1,0.67,0.24,3.33,0.31,1.94,2.030,23.068,0.957,26.054
HRUM,HARUM ENERGY TBK.. PT,2013,18,0.22,29.23,1,0.67,0.09,1.46,0.10,1.76,2.028,45.079,0.978,48.085
HRUM,HARUM ENERGY TBK.. PT,2014,19,0.23,29.29,1,0.67,0.00,1.00,0.00,1.08,1.308,32.230,0.969,34.506
HRUM,HARUM ENERGY TBK.. PT,2015,20,0.11,29.26,1,0.67,-0.05,0.45,-0.06,0.66,0.763,22.035,0.955,23.752
HRUM,HARUM ENERGY TBK.. PT,2016,21,0.16,29.34,1,0.67,0.03,1.18,0.04,0.53,0.562,17.581,0.943,19.086
HRUM,HARUM ENERGY TBK.. PT,2017,22,0.16,29.46,1,0.67,0.10,1.03,0.11,0.71,0.675,24.161,0.959,25.794
HRUM,HARUM ENERGY TBK.. PT,2018,23,0.21,29.56,0,0.33,0.07,0.73,0.08,0.72,0.786,17.801,0.944,19.531
HRUM,HARUM ENERGY TBK.. PT,2019,24,0.12,29.46,1,0.33,0.05,0.68,0.05,0.59,0.650,15.949,0.937,17.536
HRUM,HARUM ENERGY TBK.. PT,2020,25,0.10,29.58,1,0.33,0.12,1.23,0.13,0.32,0.362,10.707,0.907,11.976
HRUM,HARUM ENERGY TBK.. PT,2021,26,0.34,30.16,1,0.33,0.11,2.49,0.15,0.38,0.319,16.177,0.938,17.434
HRUM,HARUM ENERGY TBK.. PT,2022,27,0.29,30.63,1,0.33,0.30,1.31,0.38,0.71,0.458,29.840,0.966,31.265
INDY,INDIKA ENERGY TBK. PT,2012,12,1.95,30.72,1,0.67,0.03,0.99,0.09,0.32,0.877,3.439,0.709,5.025
INDY,INDIKA ENERGY TBK. PT,2013,13,1.44,30.82,1,0.67,-0.03,0.70,-0.07,0.37,1.064,4.416,0.774,6.253
INDY,INDIKA ENERGY TBK. PT,2014,14,1.51,30.93,1,0.67,-0.01,0.69,-0.03,0.48,1.419,5.721,0.825,7.965
INDY,INDIKA ENERGY TBK. PT,2015,15,1.59,30.99,1,0.67,-0.02,0.63,-0.05,0.51,1.512,6.551,0.847,8.910
INDY,INDIKA ENERGY TBK. PT,2016,16,1.46,30.82,1,0.67,-0.04,0.74,-0.09,0.43,1.360,5.618,0.822,7.801
INDY,INDIKA ENERGY TBK. PT,2017,17,2.26,31.53,1,0.67,0.09,1.02,0.30,0.30,0.708,4.840,0.793,6.341
INDY,INDIKA ENERGY TBK. PT,2018,18,2.26,31.62,1,0.67,0.02,0.85,0.07,0.81,2.426,13.597,0.926,16.950
INDY,INDIKA ENERGY TBK. PT,2019,19,2.46,31.55,0,0.67,0.00,0.84,0.01,0.77,2.669,12.438,0.920,16.026
INDY,INDIKA ENERGY TBK. PT,2020,20,3.03,31.53,1,0.80,-0.03,0.94,-0.12,0.52,2.522,10.059,0.901,13.482
INDY,INDIKA ENERGY TBK. PT,2021,21,3.18,31.60,1,1.00,0.02,0.91,0.07,0.78,2.822,24.471,0.959,28.252
INDY,INDIKA ENERGY TBK. PT,2022,22,1.68,31.67,1,0.80,0.14,0.88,0.38,1.21,2.420,24.589,0.959,27.968
INPS,INDAH PRAKASA SENTOSA TBK. PT,2018,58,2.41,26.90,0,0.67,-0.02,3.47,-0.08,0.66,2.170,11.417,0.912,14.499
INPS,INDAH PRAKASA SENTOSA TBK. PT,2019,59,2.40,26.90,0,0.67,-0.01,6.20,-0.03,0.85,2.605,11.763,0.915,15.282
INPS,INDAH PRAKASA SENTOSA TBK. PT,2020,60,2.68,26.84,0,0.67,-0.04,6.31,-0.14,0.56,1.991,8.692,0.885,11.569
INPS,INDAH PRAKASA SENTOSA TBK. PT,2021,61,3.43,26.75,0,0.67,-0.08,6.31,-0.33,0.64,2.712,19.951,0.950,23.613
INPS,INDAH PRAKASA SENTOSA TBK. PT,2022,62,15.05,26.46,0,0.67,-0.24,3.41,-3.89,0.91,17.652,6.570,0.848,25.070
ITMA,SUMBER ENERGI ANDALAN TBK. PT,2012,26,0.02,26.51,0,0.67,0.44,0.21,0.45,0.06,0.035,9.669,0.897,10.601
ITMA,SUMBER ENERGI ANDALAN TBK. PT,2013,27,0.00,27.17,0,0.67,0.43,0.69,0.44,0.01,-0.013,-6.071,1.165,-4.919
ITMA,SUMBER ENERGI ANDALAN TBK. PT,2015,28,0.00,28.07,0,0.67,0.21,0.31,0.21,0.00,0.004,4.980,0.799,5.784
ITMA,SUMBER ENERGI ANDALAN TBK. PT,2016,29,0.00,28.02,0,0.67,0.18,0.48,0.18,0.00,0.004,4.103,0.756,4.863
ITMA,SUMBER ENERGI ANDALAN TBK. PT,2017,30,0.00,28.15,0,0.67,0.11,0.28,0.11,0.00,0.003,3.374,0.704,4.081
ITMA,SUMBER ENERGI ANDALAN TBK. PT,2018,31,0.00,28.32,0,0.67,0.08,0.30,0.08,0.00,0.003,2.710,0.631,3.344
ITMA,SUMBER ENERGI ANDALAN TBK. PT,2019,32,0.00,28.52,0,0.67,0.08,0.30,0.08,0.00,0.001,4.423,0.774,5.198
ITMA,SUMBER ENERGI ANDALAN TBK. PT,2020,33,0.00,28.45,0,0.67,0.08,0.23,0.08,0.00,0.000,4.036,0.752,4.788
ITMA,SUMBER ENERGI ANDALAN TBK. PT,2021,34,0.06,28.59,0,0.67,0.07,0.35,0.07,0.00,0.001,5.978,0.833,6.812
ITMA,SUMBER ENERGI ANDALAN TBK. PT,2022,35,0.05,28.87,0,0.67,0.14,0.28,0.15,0.00,-0.002,-16.439,1.061,-15.380
ITMG,INDO TAMBANGRAYA MEGAH TBK. PT,2012,25,0.49,30.27,1,0.67,0.29,3.60,0.43,1.64,1.917,40.685,0.975,43.578
ITMG,INDO TAMBANGRAYA MEGAH TBK. PT,2013,26,0.48,30.26,1,0.67,0.15,2.31,0.23,1.64,2.161,45.420,0.978,48.559
ITMG,INDO TAMBANGRAYA MEGAH TBK. PT,2014,27,0.48,30.38,1,0.67,0.15,1.39,0.23,1.48,1.974,33.581,0.970,36.524
ITMG,INDO TAMBANGRAYA MEGAH TBK. PT,2015,28,0.41,30.39,1,0.67,0.05,0.69,0.08,1.35,1.774,28.623,0.965,31.362
ITMG,INDO TAMBANGRAYA MEGAH TBK. PT,2016,29,0.33,30.41,1,0.67,0.11,1.42,0.14,1.13,1.344,24.675,0.959,26.979
ITMG,INDO TAMBANGRAYA MEGAH TBK. PT,2017,30,0.42,30.54,1,0.67,0.19,1.57,0.26,1.24,1.451,24.036,0.958,26.446
ITMG,INDO TAMBANGRAYA MEGAH TBK. PT,2018,31,0.49,30.69,1,0.50,0.18,1.42,0.27,1.39,1.755,26.320,0.962,29.037
ITMG,INDO TAMBANGRAYA MEGAH TBK. PT,2019,32,0.37,30.45,1,0.50,0.11,1.04,0.14,1.42,1.808,25.967,0.961,28.736
ITMG,INDO TAMBANGRAYA MEGAH TBK. PT,2020,33,0.37,30.42,1,0.67,0.03,1.23,0.05,1.02,1.183,15.436,0.935,17.554
ITMG,INDO TAMBANGRAYA MEGAH TBK. PT,2021,34,0.39,30.81,1,0.67,0.29,1.24,0.40,1.25,1.038,17.894,0.944,19.877
ITMG,INDO TAMBANGRAYA MEGAH TBK. PT,2022,35,0.35,31.36,1,0.67,0.45,1.32,0.62,1.38,0.748,19.266,0.948,20.962
JSKY,SKY ENERGY INDONESIA TBK. PT,2018,10,1.79,27.07,0,0.67,0.04,2.47,0.12,0.75,1.830,24.000,0.958,26.788
JSKY,SKY ENERGY INDONESIA TBK. PT,2019,11,1.46,27.01,0,0.67,0.03,1.39,0.06,0.71,1.566,19.442,0.949,21.957
JSKY,SKY ENERGY INDONESIA TBK. PT,2020,12,1.13,26.93,0,0.67,0.01,1.48,0.03,0.40,0.765,10.910,0.908,12.583
JSKY,SKY ENERGY INDONESIA TBK. PT,2021,13,1.41,26.68,0,0.67,-0.19,1.38,-0.45,0.34,0.797,10.800,0.907,12.505
KKGI,RESOURCE ALAM INDONESIA TBK. PT,2012,31,0.42,27.60,1,0.33,0.23,2.77,0.32,2.07,2.504,33.580,0.970,37.054
KKGI,RESOURCE ALAM INDONESIA TBK. PT,2013,32,0.45,27.73,1,0.33,0.16,1.89,0.24,1.82,2.298,27.175,0.963,30.436
KKGI,RESOURCE ALAM INDONESIA TBK. PT,2014,33,0.44,27.86,0,0.33,0.08,1.07,0.11,1.28,1.724,22.887,0.956,25.567
KKGI,RESOURCE ALAM INDONESIA TBK. PT,2015,34,0.28,27.91,0,0.33,0.06,0.53,0.07,1.13,1.361,23.023,0.957,25.341
KKGI,RESOURCE ALAM INDONESIA TBK. PT,2016,35,0.17,27.90,0,0.33,0.10,1.28,0.11,0.94,0.987,16.332,0.939,18.258
KKGI,RESOURCE ALAM INDONESIA TBK. PT,2017,36,0.19,27.98,0,0.67,0.13,1.29,0.15,0.80,0.791,13.258,0.925,14.974
KKGI,RESOURCE ALAM INDONESIA TBK. PT,2018,37,0.35,28.18,0,0.33,0.01,1.30,0.01,0.49,0.689,10.307,0.903,11.900
KKGI,RESOURCE ALAM INDONESIA TBK. PT,2019,38,0.35,28.19,0,0.33,0.04,0.93,0.06,0.91,1.210,18.219,0.945,20.374
KKGI,RESOURCE ALAM INDONESIA TBK. PT,2020,39,0.29,28.06,0,0.67,-0.08,1.09,-0.10,0.66,0.945,14.398,0.931,16.274
KKGI,RESOURCE ALAM INDONESIA TBK. PT,2021,40,0.34,28.27,0,0.67,0.17,0.95,0.23,1.23,1.016,20.280,0.951,22.247
KKGI,RESOURCE ALAM INDONESIA TBK. PT,2022,41,0.38,28.62,0,0.33,0.23,1.03,0.32,1.50,1.609,24.414,0.959,26.983
KOPI,MITRA ENERGI PERSADA TBK. PT,2015,34,0.56,25.85,0,1.00,0.10,2.71,0.16,1.17,1.591,25.087,0.960,27.638
KOPI,MITRA ENERGI PERSADA TBK. PT,2016,35,0.32,25.88,0,1.00,0.11,3.08,0.14,1.06,1.153,21.673,0.954,23.780
KOPI,MITRA ENERGI PERSADA TBK. PT,2017,36,0.22,25.80,0,0.67,0.01,3.41,0.01,1.22,1.403,17.440,0.943,19.785
KOPI,MITRA ENERGI PERSADA TBK. PT,2018,37,0.83,25.72,0,0.67,-0.35,3.91,-0.63,0.57,1.384,9.869,0.899,12.152
KOPI,MITRA ENERGI PERSADA TBK. PT,2019,38,0.72,25.73,0,0.67,0.05,3.32,0.08,1.26,2.104,16.052,0.938,19.094
KOPI,MITRA ENERGI PERSADA TBK. PT,2020,39,1.12,25.95,0,0.67,0.01,2.43,0.01,1.07,2.295,15.931,0.937,19.163
KOPI,MITRA ENERGI PERSADA TBK. PT,2021,40,0.55,25.66,0,0.67,0.01,3.59,0.02,1.35,2.139,15.646,0.936,18.722
KOPI,MITRA ENERGI PERSADA TBK. PT,2022,41,1.63,26.28,0,0.67,0.03,2.30,0.07,0.72,1.868,12.380,0.919,15.167
LEAD,LOGINDO SAMUDRAMAKMUR TBK.. PT,2013,18,1.11,28.53,1,0.67,0.07,0.49,0.15,0.25,0.346,4.092,0.756,5.193
LEAD,LOGINDO SAMUDRAMAKMUR TBK.. PT,2014,19,1.01,28.77,1,0.67,0.08,0.53,0.15,0.26,0.359,3.912,0.744,5.015
LEAD,LOGINDO SAMUDRAMAKMUR TBK.. PT,2015,20,1.11,28.91,1,0.67,0.00,0.57,0.00,0.18,0.348,3.964,0.748,5.059
LEAD,LOGINDO SAMUDRAMAKMUR TBK.. PT,2016,21,1.08,28.72,1,0.67,-0.09,0.61,-0.20,0.15,0.453,5.466,0.817,6.736
LEAD,LOGINDO SAMUDRAMAKMUR TBK.. PT,2017,22,1.14,28.64,1,0.67,-0.10,0.65,-0.21,0.13,0.436,5.581,0.821,6.838
LEAD,LOGINDO SAMUDRAMAKMUR TBK.. PT,2018,23,2.17,28.47,0,0.67,-0.29,0.77,-0.92,0.17,1.339,9.188,0.891,11.418
LEAD,LOGINDO SAMUDRAMAKMUR TBK.. PT,2019,24,2.73,28.37,1,0.67,-0.06,0.83,-0.21,0.15,0.780,4.425,0.774,5.979
LEAD,LOGINDO SAMUDRAMAKMUR TBK.. PT,2020,25,2.74,28.32,1,0.67,-0.02,0.83,-0.07,0.16,0.828,4.665,0.786,6.279
LEAD,LOGINDO SAMUDRAMAKMUR TBK.. PT,2021,26,2.88,28.30,0,1.00,-0.02,0.86,-0.08,0.21,0.950,4.357,0.770,6.078
LEAD,LOGINDO SAMUDRAMAKMUR TBK.. PT,2022,27,3.59,28.38,1,0.67,-0.05,0.91,-0.21,0.22,1.177,4.519,0.779,6.475
MBAP,MITRABARA ADIPERDANA TBK. PT,2014,22,0.73,27.58,1,0.67,0.17,2.03,0.30,1.60,2.560,14.598,0.932,18.090
MBAP,MITRABARA ADIPERDANA TBK. PT,2015,23,0.48,28.01,1,0.67,0.32,1.23,0.47,2.01,2.425,24.788,0.960,28.172
MBAP,MITRABARA ADIPERDANA TBK. PT,2016,24,0.27,28.07,1,0.67,0.23,1.85,0.30,1.61,1.736,20.137,0.950,22.824
MBAP,MITRABARA ADIPERDANA TBK. PT,2017,25,0.31,28.41,1,0.67,0.36,1.87,0.48,1.61,1.556,19.022,0.947,21.526
MBAP,MITRABARA ADIPERDANA TBK. PT,2018,26,0.40,28.57,1,0.67,0.29,1.68,0.41,1.49,1.623,19.935,0.950,22.508
MBAP,MITRABARA ADIPERDANA TBK. PT,2019,27,0.32,28.62,0,0.67,0.18,1.15,0.24,0.00,1.540,21.724,0.954,24.217
MBAP,MITRABARA ADIPERDANA TBK. PT,2020,28,0.32,28.57,1,0.67,0.15,1.53,0.20,1.11,1.279,17.411,0.943,19.632
MBAP,MITRABARA ADIPERDANA TBK. PT,2021,29,0.29,28.93,1,0.67,0.39,1.43,0.50,1.20,0.954,19.013,0.947,20.914
MBAP,MITRABARA ADIPERDANA TBK. PT,2022,30,0.23,29.20,1,0.67,0.59,2.14,0.72,1.47,0.477,8.076,0.876,9.429
MBSS,MITRABAHTERA SEGARA SEJATI TBK.. PT,2012,18,0.63,28.81,1,0.67,0.11,0.91,0.17,0.41,0.515,5.827,0.828,7.171
MBSS,MITRABAHTERA SEGARA SEJATI TBK.. PT,2013,19,0.46,28.94,1,0.67,0.11,0.73,0.16,0.43,0.489,5.897,0.830,7.216
MBSS,MITRABAHTERA SEGARA SEJATI TBK.. PT,2014,20,0.39,29.06,1,0.67,0.06,0.68,0.08,0.38,0.492,6.389,0.843,7.725
MBSS,MITRABAHTERA SEGARA SEJATI TBK.. PT,2015,21,0.36,29.05,1,0.67,-0.04,0.37,-0.05,0.29,0.461,6.762,0.852,8.075
MBSS,MITRABAHTERA SEGARA SEJATI TBK.. PT,2016,22,0.32,28.87,1,0.67,-0.11,0.40,-0.15,0.25,0.522,6.833,0.854,8.208
MBSS,MITRABAHTERA SEGARA SEJATI TBK.. PT,2017,23,0.28,28.81,1,0.67,-0.04,0.53,-0.05,0.29,0.447,6.254,0.840,7.542
MBSS,MITRABAHTERA SEGARA SEJATI TBK.. PT,2018,24,0.40,28.89,1,0.60,-0.07,0.53,-0.10,0.31,0.578,6.852,0.854,8.284
MBSS,MITRABAHTERA SEGARA SEJATI TBK.. PT,2019,25,0.27,28.74,0,0.50,0.01,0.49,0.01,0.36,0.483,5.360,0.813,6.657
MBSS,MITRABAHTERA SEGARA SEJATI TBK.. PT,2020,26,0.24,28.64,0,0.60,-0.08,0.50,-0.10,0.28,0.477,5.272,0.810,6.559
MBSS,MITRABAHTERA SEGARA SEJATI TBK.. PT,2021,27,0.05,28.56,1,0.67,0.07,0.80,0.07,0.41,0.460,6.471,0.845,7.776
MBSS,MITRABAHTERA SEGARA SEJATI TBK.. PT,2022,28,0.13,28.83,0,0.67,0.12,0.75,0.14,0.42,0.351,6.349,0.843,7.543
MCOL,PRIMA ANDALAN MANDIRI TBK.. PT,2021,16,0.43,29.74,0,0.67,0.48,1.90,0.68,1.20,0.843,37.007,0.973,38.823
MCOL,PRIMA ANDALAN MANDIRI TBK.. PT,2022,17,0.30,30.08,1,0.67,0.49,2.38,0.63,1.45,1.065,43.346,0.977,45.388
MEDC,MEDCO ENERGI INTERNASIONAL TBK,2012,32,2.18,30.85,1,0.67,0.00,0.90,0.02,0.41,0.989,12.984,0.923,14.896
MEDC,MEDCO ENERGI INTERNASIONAL TBK,2013,33,1.82,30.91,1,0.67,0.01,0.87,0.01,0.35,0.728,11.516,0.913,13.157
MEDC,MEDCO ENERGI INTERNASIONAL TBK,2014,34,2.01,31.09,1,0.67,0.00,1.05,0.01,0.28,0.641,9.945,0.899,11.485
MEDC,MEDCO ENERGI INTERNASIONAL TBK,2015,35,3.15,31.29,1,0.67,-0.06,0.82,-0.27,0.22,0.994,13.983,0.928,15.905
MEDC,MEDCO ENERGI INTERNASIONAL TBK,2016,36,3.04,31.50,1,0.67,0.05,0.84,0.21,0.17,0.206,3.952,0.747,4.905
MEDC,MEDCO ENERGI INTERNASIONAL TBK,2017,37,2.68,31.88,1,0.67,0.02,0.94,0.09,0.19,0.421,7.049,0.858,8.328
MEDC,MEDCO ENERGI INTERNASIONAL TBK,2018,38,2.79,31.98,1,0.67,-0.01,0.90,-0.04,0.25,0.539,9.432,0.894,10.865
MEDC,MEDCO ENERGI INTERNASIONAL TBK,2019,39,3.43,32.06,0,0.75,0.00,1.04,-0.01,0.26,0.621,8.044,0.876,9.541
MEDC,MEDCO ENERGI INTERNASIONAL TBK,2020,40,3.86,32.05,1,0.67,-0.03,0.97,-0.15,0.20,0.568,7.275,0.863,8.705
MEDC,MEDCO ENERGI INTERNASIONAL TBK,2021,41,3.62,32.03,1,0.75,0.01,0.93,0.05,0.23,0.638,7.893,0.873,9.404
MEDC,MEDCO ENERGI INTERNASIONAL TBK,2022,42,2.97,32.32,1,0.75,0.08,0.98,0.32,0.33,0.640,9.276,0.892,10.808
MITI,MITRA INVESTINDOTBK,2012,19,0.57,25.72,0,0.67,0.15,1.80,0.23,1.02,1.400,13.256,0.925,15.580
MITI,MITRA INVESTINDOTBK,2013,20,0.41,25.78,0,0.67,0.14,1.52,0.20,0.89,1.107,12.490,0.920,14.516
MITI,MITRA INVESTINDOTBK,2014,21,0.32,26.62,0,0.67,0.02,0.90,0.03,0.47,0.637,13.884,0.928,15.448
MITI,MITRA INVESTINDOTBK,2015,22,1.24,26.24,0,0.67,-0.70,1.19,-1.58,0.58,1.606,17.192,0.942,19.740
MITI,MITRA INVESTINDOTBK,2016,23,1.63,26.16,0,0.67,-0.10,0.96,-0.26,0.29,1.089,12.019,0.917,14.024
MITI,MITRA INVESTINDOTBK,2017,24,1.82,26.18,0,0.67,-0.10,0.95,-0.28,0.21,0.559,6.278,0.841,7.677
MITI,MITRA INVESTINDOTBK,2018,25,0.96,25.72,0,0.67,0.05,0.97,0.11,0.36,0.659,10.232,0.902,11.793
MITI,MITRA INVESTINDOTBK,2019,26,-5.91,24.77,0,0.50,-1.54,9.13,7.56,0.29,0.295,-0.575,2.740,2.460
MITI,MITRA INVESTINDOTBK,2021,28,0.13,25.78,0,0.67,0.06,5.34,0.07,0.29,0.316,4.153,0.759,5.228
MITI,MITRA INVESTINDOTBK,2022,29,0.21,26.89,0,0.67,0.03,1.44,0.04,0.26,0.307,6.789,0.853,7.948
MTFN,CAPITALINC INVESTMENT TBK. PT,2012,29,6.55,27.35,0,0.67,-0.05,2.32,-0.37,0.06,0.398,1.427,0.299,2.124
MTFN,CAPITALINC INVESTMENT TBK. PT,2013,30,1.66,27.43,0,0.67,0.27,1.44,0.71,0.50,0.722,8.499,0.882,10.104
MTFN,CAPITALINC INVESTMENT TBK. PT,2014,31,1.13,28.75,0,0.67,-0.51,2.69,-1.09,0.00,0.011,2.422,0.587,3.020
MTFN,CAPITALINC INVESTMENT TBK. PT,2015,32,0.40,28.14,0,0.67,-0.15,1.24,-0.21,0.00,0.136,22.949,0.956,24.041
MTFN,CAPITALINC INVESTMENT TBK. PT,2016,33,-15.67,26.45,0,0.67,-3.92,6.24,57.51,0.00,-15.637,100.498,0.990,85.851
MTFN,CAPITALINC INVESTMENT TBK. PT,2017,34,-391.82,27.37,0,0.67,0.02,3.07,-7.31,0.60,-216.321,56.943,0.982,-158.395
MTFN,CAPITALINC INVESTMENT TBK. PT,2018,35,-154,27.75,0,0.67,0.01,2.41,-186.64,0.51,-7.655,68.609,0.985,61.940
MTFN,CAPITALINC INVESTMENT TBK. PT,2019,36,57.16,27.43,0,0.67,0.02,2.93,0.85,1.05,62.020,69.763,0.986,132.769
MTFN,CAPITALINC INVESTMENT TBK. PT,2020,37,-39.33,27.31,0,0.67,-0.05,3.22,1.79,1.05,-40.706,71.133,0.986,31.413
MTFN,CAPITALINC INVESTMENT TBK. PT,2021,38,-29.14,27.33,0,0.67,-0.01,3.20,0.23,0.48,-14.268,38.892,0.974,25.599
MYOH,SAMINDO RESOURCES TBK,2012,12,3.77,27.86,0,0.67,0.09,1.75,0.43,1.39,6.101,46.343,0.978,53.422
MYOH,SAMINDO RESOURCES TBK,2013,13,1.32,28.07,0,0.67,0.10,1.17,0.22,1.35,2.817,56.493,0.982,60.293
MYOH,SAMINDO RESOURCES TBK,2014,14,1.02,28.29,1,0.67,0.14,1.00,0.28,1.56,2.799,53.200,0.981,56.980
MYOH,SAMINDO RESOURCES TBK,2015,15,0.73,28.40,1,0.67,0.15,0.94,0.26,1.40,2.071,43.431,0.977,46.479
MYOH,SAMINDO RESOURCES TBK,2016,16,0.37,28.30,1,0.67,0.14,0.97,0.20,1.29,1.616,13.669,0.927,16.212
MYOH,SAMINDO RESOURCES TBK,2017,17,0.33,28.24,1,0.67,0.09,1.08,0.12,1.38,1.829,11.943,0.916,14.688
MYOH,SAMINDO RESOURCES TBK,2018,18,0.33,28.43,0,0.67,0.20,1.30,0.27,1.59,1.879,14.314,0.930,17.124
MYOH,SAMINDO RESOURCES TBK,2019,19,0.31,28.43,1,0.67,0.16,1.52,0.21,1.59,1.944,15.629,0.936,18.509
MYOH,SAMINDO RESOURCES TBK,2020,20,0.17,28.39,1,0.67,0.15,1.49,0.18,1.15,1.243,11.004,0.909,13.156
MYOH,SAMINDO RESOURCES TBK,2021,21,0.17,28.48,1,0.67,0.16,1.79,0.19,0.98,1.020,9.115,0.890,11.026
MYOH,SAMINDO RESOURCES TBK,2022,22,0.14,28.60,1,0.67,0.08,1.45,0.10,0.84,0.911,9.644,0.896,11.452
OBMD,OBM DRILCHEM TBK.. PT,2021,25,0.13,25.34,0,0.67,0.05,1.12,0.05,0.66,1.000,2.794,0.642,4.436
OBMD,OBM DRILCHEM TBK.. PT,2022,26,0.18,25.60,0,0.67,0.06,1.30,0.07,0.79,1.195,3.116,0.679,4.990
PGAS,PERUSAHAAN GAS NEGARA (PERSERO) TBK,2012,16,0.66,31.23,1,0.86,0.23,3.36,0.38,0.66,0.719,13.063,0.923,14.705
PGAS,PERUSAHAAN GAS NEGARA (PERSERO) TBK,2013,17,0.62,31.44,1,0.86,0.19,2.44,0.30,0.70,0.841,16.205,0.938,17.985
PGAS,PERUSAHAAN GAS NEGARA (PERSERO) TBK,2014,18,0.98,31.84,1,0.86,0.13,2.55,0.25,0.57,0.848,20.263,0.951,22.061
PGAS,PERUSAHAAN GAS NEGARA (PERSERO) TBK,2015,19,1.15,32.10,1,0.86,0.06,1.28,0.13,0.47,0.815,23.331,0.957,25.103
PGAS,PERUSAHAAN GAS NEGARA (PERSERO) TBK,2016,20,1.16,32.14,1,0.86,0.04,1.25,0.10,0.43,0.768,20.560,0.951,22.279
PGAS,PERUSAHAAN GAS NEGARA (PERSERO) TBK,2017,21,0.90,32.34,1,0.83,0.02,0.86,0.05,0.44,0.704,24.741,0.960,26.404
PGAS,PERUSAHAAN GAS NEGARA (PERSERO) TBK,2018,22,1.48,32.39,0,0.60,0.04,1.04,0.10,0.49,1.003,21.761,0.954,23.718
PGAS,PERUSAHAAN GAS NEGARA (PERSERO) TBK,2019,23,1.28,32.26,1,0.57,0.02,1.08,0.04,0.52,1.047,22.211,0.955,24.213
PGAS,PERUSAHAAN GAS NEGARA (PERSERO) TBK,2020,24,1.55,32.30,1,0.60,-0.03,0.99,-0.07,0.38,0.958,22.963,0.956,24.877
PGAS,PERUSAHAAN GAS NEGARA (PERSERO) TBK,2021,25,1.29,32.31,1,0.60,0.05,0.87,0.11,0.40,0.770,19.884,0.950,21.603
PGAS,PERUSAHAAN GAS NEGARA (PERSERO) TBK,2022,26,1.09,32.36,1,0.60,0.06,0.90,0.12,0.50,0.880,17.144,0.942,18.965
PKPK,PERDANA KARYA PERKASA TBK.. PT,2012,29,1.27,26.71,0,0.67,-0.02,0.90,-0.05,0.74,1.528,25.257,0.960,27.745
PKPK,PERDANA KARYA PERKASA TBK.. PT,2013,30,1.06,26.61,0,0.67,0.00,0.66,0.00,0.56,0.947,793.966,0.999,795.911
PKPK,PERDANA KARYA PERKASA TBK.. PT,2014,31,1.11,26.44,0,0.67,-0.09,0.70,-0.19,0.25,0.636,7.061,0.858,8.555
PKPK,PERDANA KARYA PERKASA TBK.. PT,2015,32,1.04,25.86,0,0.67,-0.36,0.69,-0.74,0.12,0.709,14.061,0.929,15.699
PKPK,PERDANA KARYA PERKASA TBK.. PT,2016,33,1.26,25.78,0,0.67,-0.09,0.75,-0.20,0.05,0.225,3.487,0.713,4.425
PKPK,PERDANA KARYA PERKASA TBK.. PT,2017,34,1.32,25.65,0,0.67,-0.08,0.86,-0.18,0.08,0.445,5.936,0.832,7.212
PKPK,PERDANA KARYA PERKASA TBK.. PT,2018,35,1.30,25.57,0,0.67,-0.03,1.06,-0.07,0.05,0.153,3.753,0.734,4.640
PKPK,PERDANA KARYA PERKASA TBK.. PT,2019,36,4.00,25.00,0,0.67,-0.58,1.35,-2.90,0.19,-0.036,-0.160,7.232,7.036
PKPK,PERDANA KARYA PERKASA TBK.. PT,2020,37,0.70,24.95,0,0.67,0.00,0.88,0.00,0.25,0.369,4.916,0.797,6.082
PKPK,PERDANA KARYA PERKASA TBK.. PT,2021,38,0.61,24.89,0,0.67,-0.01,2.20,-0.02,0.05,0.158,3.657,0.727,4.541
PKPK,PERDANA KARYA PERKASA TBK.. PT,2022,39,5.73,25.00,0,0.67,-0.41,3.01,-2.76,0.37,4.529,4.536,0.780,9.845
PSSI,PELITA SAMUDERA SHIPPING TBK. PT,2017,10,0.66,27.95,0,0.67,0.04,0.80,0.06,0.48,0.770,8.249,0.879,9.898
PSSI,PELITA SAMUDERA SHIPPING TBK. PT,2018,11,0.54,28.12,1,0.67,0.13,0.84,0.20,0.58,0.732,7.480,0.866,9.078
PSSI,PELITA SAMUDERA SHIPPING TBK. PT,2019,12,0.62,28.32,1,0.67,0.09,0.89,0.15,0.53,0.777,7.346,0.864,8.987
PSSI,PELITA SAMUDERA SHIPPING TBK. PT,2020,13,0.55,28.36,0,0.67,0.06,0.81,0.09,0.47,0.699,8.138,0.877,9.714
PSSI,PELITA SAMUDERA SHIPPING TBK. PT,2021,14,0.41,28.46,1,0.67,0.16,1.24,0.22,0.67,0.723,20.668,0.952,22.343
PSSI,PELITA SAMUDERA SHIPPING TBK. PT,2022,15,0.23,28.67,1,0.67,0.24,1.33,0.29,0.67,0.496,17.136,0.942,18.574
PTBA,BUKIT ASAM TBK. PT,2012,32,0.50,30.17,1,0.67,0.23,3.07,0.34,0.91,1.129,7.498,0.867,9.494
PTBA,BUKIT ASAM TBK. PT,2013,33,0.55,30.09,1,0.67,0.16,2.37,0.24,0.96,1.410,7.832,0.872,10.115
PTBA,BUKIT ASAM TBK. PT,2014,34,0.74,30.33,1,0.67,0.13,2.36,0.22,0.88,1.457,10.589,0.906,12.952
PTBA,BUKIT ASAM TBK. PT,2015,35,0.82,30.46,1,0.67,0.12,1.07,0.22,0.81,1.381,9.228,0.892,11.500
PTBA,BUKIT ASAM TBK. PT,2016,36,0.76,30.55,1,0.67,0.11,1.98,0.19,0.76,1.237,9.108,0.890,11.235
PTBA,BUKIT ASAM TBK. PT,2017,37,0.59,30.72,1,0.50,0.20,1.66,0.32,0.89,1.163,6.784,0.853,8.800
PTBA,BUKIT ASAM TBK. PT,2018,38,0.49,30.82,1,0.50,0.21,2.38,0.31,0.88,1.107,6.316,0.842,8.266
PTBA,BUKIT ASAM TBK. PT,2019,39,0.42,30.89,1,0.50,0.16,1.47,0.22,0.84,1.055,8.074,0.876,10.006
PTBA,BUKIT ASAM TBK. PT,2020,40,0.42,30.81,1,0.50,0.10,1.64,0.14,0.72,0.996,9.150,0.891,11.037
PTBA,BUKIT ASAM TBK. PT,2021,41,0.49,31.22,1,0.75,0.22,1.19,0.33,0.81,0.950,6.322,0.842,8.114
PTBA,BUKIT ASAM TBK. PT,2022,42,0.57,31.45,1,0.50,0.28,1.30,0.44,0.94,1.074,9.997,0.900,11.970
PTIS,INDO STRAITS TBK.. PT,2012,27,0.69,27.32,1,0.67,0.05,1.02,0.09,0.57,0.908,12.612,0.921,14.441
PTIS,INDO STRAITS TBK.. PT,2013,28,0.55,27.40,1,0.67,0.05,0.91,0.07,0.48,0.680,9.070,0.890,10.639
PTIS,INDO STRAITS TBK.. PT,2014,29,0.57,27.41,1,0.67,-0.08,0.99,-0.13,0.46,0.824,11.150,0.910,12.885
PTIS,INDO STRAITS TBK.. PT,2015,30,0.95,27.40,1,0.67,-0.22,1.06,-0.43,0.11,0.632,7.808,0.872,9.312
PTIS,INDO STRAITS TBK.. PT,2016,31,1.66,27.10,1,0.67,-0.17,1.36,-0.44,0.24,1.000,8.731,0.885,10.617
PTIS,INDO STRAITS TBK.. PT,2017,32,1.46,27.02,1,0.67,-0.05,1.20,-0.13,0.28,0.741,9.307,0.893,10.941
PTIS,INDO STRAITS TBK.. PT,2018,33,1.31,27.05,0,0.67,0.00,0.89,0.01,0.32,0.677,9.593,0.896,11.166
PTIS,INDO STRAITS TBK.. PT,2019,34,1.17,26.95,0,0.67,0.01,0.75,0.01,0.36,0.772,11.194,0.911,12.877
PTIS,INDO STRAITS TBK.. PT,2020,35,1.12,26.94,0,0.67,0.00,0.70,0.00,0.35,0.757,11.384,0.912,13.054
PTIS,INDO STRAITS TBK.. PT,2021,36,1.19,26.99,0,0.67,0.00,0.94,0.01,0.34,0.657,10.925,0.908,12.491
PTIS,INDO STRAITS TBK.. PT,2022,37,1.13,27.20,0,0.67,0.01,0.94,0.03,0.44,0.834,11.062,0.910,12.805
PTRO,PETROSEA TBK,2012,111,1.83,29.23,1,0.67,0.09,0.91,0.26,0.73,1.916,5.549,0.820,8.285
PTRO,PETROSEA TBK,2013,112,1.58,29.30,1,0.67,0.03,0.80,0.09,0.71,1.757,5.214,0.808,7.780
PTRO,PETROSEA TBK,2014,113,1.43,29.35,1,0.67,0.01,0.75,0.01,0.74,1.875,6.012,0.834,8.721
PTRO,PETROSEA TBK,2015,114,1.39,29.37,1,0.67,-0.03,0.63,-0.07,0.49,1.324,5.108,0.804,7.236
PTRO,PETROSEA TBK,2016,115,1.31,29.29,1,0.67,-0.02,0.70,-0.05,0.53,1.415,5.413,0.815,7.643
PTRO,PETROSEA TBK,2017,116,1.41,29.45,1,0.33,0.03,0.86,0.06,0.69,2.007,3.848,0.740,6.595
PTRO,PETROSEA TBK,2018,117,1.91,29.73,1,0.67,0.04,0.88,0.12,0.84,2.734,4.544,0.780,8.057
PTRO,PETROSEA TBK,2019,118,1.59,29.67,1,0.67,0.06,0.83,0.15,0.87,2.541,4.197,0.762,7.500
PTRO,PETROSEA TBK,2020,119,1.29,29.64,1,0.80,0.06,0.82,0.14,0.64,1.723,3.574,0.720,6.018
PTRO,PETROSEA TBK,2021,120,1.05,29.66,1,0.80,0.06,0.80,0.13,0.78,1.858,4.153,0.759,6.770
PTRO,PETROSEA TBK,2022,121,1.00,29.87,1,0.83,0.07,0.97,0.14,0.80,1.786,4.347,0.770,6.903
RAJA,RUKUN RAHARJA TBK,2012,20,1.29,27.88,0,0.67,0.04,1.00,0.09,0.85,1.670,17.530,0.943,20.143
RAJA,RUKUN RAHARJA TBK,2014,21,1.07,28.08,0,0.67,0.06,1.36,0.12,1.50,2.913,25.462,0.961,29.336
RAJA,RUKUN RAHARJA TBK,2015,22,0.80,28.34,0,0.67,0.05,0.82,0.09,1.28,2.152,23.444,0.957,26.554
RAJA,RUKUN RAHARJA TBK,2016,23,0.59,28.29,0,0.67,0.04,0.78,0.07,1.29,1.922,28.545,0.965,31.432
RAJA,RUKUN RAHARJA TBK,2017,24,0.25,28.34,0,0.67,0.08,0.80,0.10,0.99,1.080,20.558,0.951,22.590
RAJA,RUKUN RAHARJA TBK,2018,25,0.45,28.67,0,0.67,0.06,0.81,0.09,0.62,0.750,14.327,0.930,16.007
RAJA,RUKUN RAHARJA TBK,2019,26,0.47,28.55,0,0.67,0.04,0.64,0.05,0.68,0.969,19.163,0.948,21.080
RAJA,RUKUN RAHARJA TBK,2020,27,0.35,28.49,0,0.67,0.02,0.71,0.02,0.59,0.778,18.213,0.945,19.936
RAJA,RUKUN RAHARJA TBK,2021,28,0.96,21.98,0,1.00,0.01,220.03,0.03,0.00,3.870,0.062,-15.115,-11.183
RAJA,RUKUN RAHARJA TBK,2022,29,0.96,22.13,0,0.67,0.04,1078.406,0.08,0.00,-52.544,-0.694,2.441,-50.797
RIGS,RIG TENDERS INDONESIA TBK,2012,38,0.67,28.08,1,0.67,0.04,0.57,0.06,0.54,0.814,19.560,0.949,21.323
RIGS,RIG TENDERS INDONESIA TBK,2013,39,0.55,28.04,1,0.67,-0.05,0.44,-0.07,0.44,0.712,15.376,0.935,17.023
RIGS,RIG TENDERS INDONESIA TBK,2014,40,0.47,28.09,1,0.67,-0.02,0.40,-0.02,0.32,0.466,17.266,0.942,18.674
RIGS,RIG TENDERS INDONESIA TBK,2015,41,0.51,28.09,1,0.67,-0.10,0.40,-0.15,0.25,0.509,21.759,0.954,23.222
RIGS,RIG TENDERS INDONESIA TBK,2016,42,0.53,27.92,1,0.67,-0.13,0.44,-0.20,0.21,0.461,16.026,0.938,17.425
RIGS,RIG TENDERS INDONESIA TBK,2017,43,0.55,27.71,1,0.67,-0.18,0.49,-0.27,0.29,0.558,19.641,0.949,21.148
RIGS,RIG TENDERS INDONESIA TBK,2018,44,0.47,27.56,1,0.67,-0.14,0.52,-0.20,0.45,0.595,17.692,0.943,19.231
RIGS,RIG TENDERS INDONESIA TBK,2019,45,0.10,27.24,1,0.67,0.03,0.56,0.03,0.00,0.601,15.470,0.935,17.006
RIGS,RIG TENDERS INDONESIA TBK,2020,46,0.09,27.12,1,0.67,-0.11,0.28,-0.12,0.00,0.382,7.537,0.867,8.787
RIGS,RIG TENDERS INDONESIA TBK,2021,47,0.05,27.20,0,0.67,0.06,0.24,0.06,0.48,0.565,17.060,0.941,18.567
RMKE,RMK ENERGY TBK.. PT,2021,12,0.75,27.97,0,0.67,0.14,1.12,0.25,1.33,2.015,20.921,0.952,23.888
RMKE,RMK ENERGY TBK.. PT,2022,13,0.39,28.15,0,0.67,0.24,2.73,0.34,1.63,1.867,26.126,0.962,28.955
RUIS,RADIANT UTAMA INTERINSCO TBK,2012,28,3.94,27.79,0,0.67,0.02,0.93,0.12,1.36,10.123,2.439,0.590,13.153
RUIS,RADIANT UTAMA INTERINSCO TBK,2013,29,3.88,27.88,0,0.67,0.02,0.91,0.11,1.41,10.260,2.377,0.579,13.217
RUIS,RADIANT UTAMA INTERINSCO TBK,2014,30,3.17,27.87,0,0.67,0.04,0.89,0.18,1.45,9.119,2.340,0.573,12.031
RUIS,RADIANT UTAMA INTERINSCO TBK,2015,31,2.23,27.72,0,0.67,0.04,0.84,0.12,1.46,6.985,2.381,0.580,9.946
RUIS,RADIANT UTAMA INTERINSCO TBK,2016,32,1.72,27.61,0,0.67,0.03,0.82,0.07,1.34,5.564,2.391,0.582,8.537
RUIS,RADIANT UTAMA INTERINSCO TBK,2017,33,1.52,27.59,0,0.67,0.02,0.79,0.06,1.17,4.479,2.439,0.590,7.508
RUIS,RADIANT UTAMA INTERINSCO TBK,2018,34,1.44,27.62,0,0.67,0.03,0.79,0.07,1.31,4.825,2.489,0.598,7.913
RUIS,RADIANT UTAMA INTERINSCO TBK,2019,35,1.89,27.86,0,0.67,0.03,0.81,0.08,1.28,5.934,2.298,0.565,8.798
RUIS,RADIANT UTAMA INTERINSCO TBK,2020,36,1.95,27.93,0,0.67,0.02,0.82,0.06,1.20,5.550,2.354,0.575,8.480
RUIS,RADIANT UTAMA INTERINSCO TBK,2021,37,1.68,27.89,0,0.67,0.01,0.75,0.04,1.27,5.140,2.528,0.604,8.273
RUIS,RADIANT UTAMA INTERINSCO TBK,2022,38,1.42,27.87,0,0.67,0.02,0.72,0.04,1.35,4.902,2.547,0.607,8.057
SGER,SUMBER GLOBAL ENERGY TBK. PT,2020,12,1.91,27.25,0,0.67,0.04,4.51,0.12,2.97,8.346,162.750,0.994,172.090
SGER,SUMBER GLOBAL ENERGY TBK. PT,2021,13,1.85,27.84,0,0.67,0.16,4.02,0.47,3.17,8.323,260.714,0.996,270.033
SGER,SUMBER GLOBAL ENERGY TBK. PT,2022,14,2.33,28.85,0,0.50,0.18,1.42,0.58,3.10,8.703,367.093,0.997,376.793
SHIP,SILLO MARITIME PERDANA TBK. PT,2016,30,1.05,27.93,0,0.67,0.05,1.43,0.10,0.18,0.204,3.733,0.732,4.669
SHIP,SILLO MARITIME PERDANA TBK. PT,2019,30,1.10,28.84,0,0.67,0.08,1.15,0.17,0.38,0.558,6.934,0.856,8.347
SHIP,SILLO MARITIME PERDANA TBK. PT,2020,31,1.18,29.06,0,0.67,0.08,0.94,0.17,0.29,0.415,5.996,0.833,7.244
SHIP,SILLO MARITIME PERDANA TBK. PT,2021,32,1.16,29.17,0,0.67,0.06,1.11,0.14,0.31,0.463,5.728,0.825,7.016
SHIP,SILLO MARITIME PERDANA TBK. PT,2022,33,1.20,29.42,0,0.67,0.07,0.95,0.15,0.36,0.568,6.163,0.838,7.569
SICO,SIGMA ENERGY COMPRESSINDO TBK.. PT,2022,15,0.24,25.64,0,0.67,0.08,1.25,0.10,0.58,0.720,4.594,0.782,6.096
SMMT,GOLDEN EAGLE ENERGY TBK. PT,2019,39,0.49,27.49,0,0.67,0.01,0.77,0.01,0.29,0.436,10.922,0.908,12.267
SMMT,GOLDEN EAGLE ENERGY TBK. PT,2020,40,0.56,27.51,0,0.67,-0.03,0.77,-0.04,0.24,0.451,10.815,0.908,12.174
SMMT,GOLDEN EAGLE ENERGY TBK. PT,2021,41,0.29,27.68,0,0.67,0.24,0.83,0.31,0.48,0.478,16.094,0.938,17.510
SMMT,GOLDEN EAGLE ENERGY TBK. PT,2022,42,0.16,27.80,0,0.67,0.34,1.87,0.40,0.89,0.771,24.487,0.959,26.217
SMRU,SMR UTAMA TBK.. PT,2012,10,0.13,26.45,1,0.67,-0.21,7.42,-0.24,0.14,0.422,4.151,0.759,5.333
SMRU,SMR UTAMA TBK.. PT,2014,11,0.99,28.59,0,0.67,-0.01,1.08,-0.03,0.13,0.310,5.573,0.821,6.704
SMRU,SMR UTAMA TBK.. PT,2015,12,1.15,28.61,0,0.67,-0.10,1.05,-0.22,0.20,0.608,6.036,0.834,7.478
SMRU,SMR UTAMA TBK.. PT,2016,13,1.46,28.52,0,0.67,-0.09,1.40,-0.23,0.24,0.790,5.491,0.818,7.099
SMRU,SMR UTAMA TBK.. PT,2017,14,0.98,28.34,0,0.67,0.02,1.86,0.03,0.36,0.857,4.861,0.794,6.512
SMRU,SMR UTAMA TBK.. PT,2018,15,0.99,28.28,0,0.67,-0.04,2.46,-0.07,0.45,1.027,4.530,0.779,6.336
SMRU,SMR UTAMA TBK.. PT,2019,16,1.17,28.15,0,0.67,-0.11,0.91,-0.24,0.42,1.282,4.005,0.750,6.037
SMRU,SMR UTAMA TBK.. PT,2020,17,1.88,27.89,0,0.67,-0.25,1.14,-0.72,0.38,1.703,3.709,0.730,6.141
SMRU,SMR UTAMA TBK.. PT,2021,18,3.86,27.66,0,0.67,-0.23,1.40,-1.12,0.53,3.820,4.597,0.782,9.200
SMRU,SMR UTAMA TBK.. PT,2022,19,3.80,27.57,0,0.67,-0.02,1.46,-0.09,0.53,2.884,3.477,0.712,7.074
SOCI,SOECHI LINES TBK. PT,2019,9,1.05,29.89,0,0.67,0.01,0.64,0.03,0.23,0.336,9.100,0.890,10.326
SOCI,SOECHI LINES TBK. PT,2020,10,0.83,29.86,0,0.67,0.04,0.65,0.08,0.20,0.158,4.925,0.797,5.879
SOCI,SOECHI LINES TBK. PT,2021,11,0.71,29.83,0,0.67,0.01,0.57,0.02,0.21,0.259,11.310,0.912,12.481
SOCI,SOECHI LINES TBK. PT,2022,12,0.70,29.93,0,0.67,0.01,0.54,0.02,0.23,0.275,12.618,0.921,13.814
SUGI,SUGIH ENERGY TBK. PT,2012,10,0.45,28.90,0,0.67,0.00,0.53,0.01,0.02,0.005,0.661,-0.513,0.153
SUGI,SUGIH ENERGY TBK. PT,2013,11,0.79,29.33,0,0.67,0.06,0.66,0.11,0.01,-0.112,-13.787,1.073,-12.827
SUGI,SUGIH ENERGY TBK. PT,2014,12,0.82,29.50,0,0.67,0.01,0.65,0.01,0.01,-0.048,-4.175,1.240,-2.984
SUGI,SUGIH ENERGY TBK. PT,2015,13,3.75,30.44,0,0.67,-0.03,0.88,-0.15,3.84,0.037,3.910,0.744,4.691
SUGI,SUGIH ENERGY TBK. PT,2016,14,1.59,29.42,0,0.67,-0.19,0.67,-0.50,0.00,0.396,35.797,0.972,37.166
SUGI,SUGIH ENERGY TBK. PT,2017,15,2.02,29.48,0,0.67,-0.04,0.70,-0.12,0.00,-0.087,-7.691,1.130,-6.648
SURE,SUPER ENERGY TBK. PT,2018,7,3.91,27.07,0,0.67,-0.05,16.76,-0.24,0.52,2.239,5.111,0.804,8.154
SURE,SUPER ENERGY TBK. PT,2019,8,5.95,27.48,0,0.67,0.01,6.00,0.07,0.34,1.939,4.830,0.793,7.562
SURE,SUPER ENERGY TBK. PT,2020,9,0.81,27.72,0,0.67,-0.02,3.91,-0.04,0.31,1.890,4.570,0.781,7.242
SURE,SUPER ENERGY TBK. PT,2021,10,0.87,27.63,0,0.67,-0.07,3.45,-0.13,0.34,0.474,4.883,0.795,6.152
SURE,SUPER ENERGY TBK. PT,2022,11,1.12,27.59,0,0.67,-0.09,3.21,-0.18,0.39,0.733,6.442,0.845,8.021
TAMU,PELAYARAN TAMARIN SAMUDRA TBK.. PT,2019,21,1.13,27.83,0,0.67,-0.12,12.55,-0.25,0.18,0.281,15.849,0.937,17.067
TAMU,PELAYARAN TAMARIN SAMUDRA TBK.. PT,2020,22,1.04,27.78,0,0.67,-0.01,2.13,-0.02,0.19,0.521,14.338,0.930,15.789
TAMU,PELAYARAN TAMARIN SAMUDRA TBK.. PT,2021,23,0.97,27.64,0,0.67,-0.06,2.35,-0.12,0.16,0.336,10.226,0.902,11.464
TAMU,PELAYARAN TAMARIN SAMUDRA TBK.. PT,2022,24,1.04,27.63,0,0.67,-0.08,2.40,-0.16,0.18,0.340,13.699,0.927,14.967
TCPI,TRANSCOAL PACIFIC TBK. PT,2018,11,1.22,28.65,0,0.67,0.09,34.51,0.20,0.83,1.643,14.279,0.930,16.851
TCPI,TRANSCOAL PACIFIC TBK. PT,2019,12,1.14,28.76,0,0.67,0.09,11.30,0.19,0.75,1.571,16.204,0.938,18.713
TCPI,TRANSCOAL PACIFIC TBK. PT,2020,13,0.92,28.64,0,0.67,0.02,13.20,0.04,0.61,1.360,13.023,0.923,15.306
TCPI,TRANSCOAL PACIFIC TBK. PT,2021,14,0.85,28.68,0,0.67,0.03,18.11,0.06,0.59,1.067,12.046,0.917,14.029
TCPI,TRANSCOAL PACIFIC TBK. PT,2022,15,0.71,28.66,0,0.67,0.04,14.56,0.07,0.63,0.984,12.447,0.920,14.350
TEBE,DANA BRATA LUHUR TBK. PT,2019,11,0.36,27.52,0,0.67,0.05,2.89,0.07,0.42,0.127,9.486,0.895,10.508
TEBE,DANA BRATA LUHUR TBK. PT,2020,12,0.27,27.45,0,0.67,0.00,1.03,0.00,0.24,0.440,16.645,0.940,18.025
TEBE,DANA BRATA LUHUR TBK. PT,2021,13,0.22,27.62,0,0.67,0.17,1.03,0.20,0.45,0.286,10.701,0.907,11.894
TEBE,DANA BRATA LUHUR TBK. PT,2022,14,0.24,27.90,0,0.67,0.25,1.03,0.31,0.60,0.301,13.444,0.926,14.671
TOBA,TOBA BARA SEJAHTRA TBK. PT,2017,10,0.99,29.18,1,0.67,0.06,4.16,0.12,0.89,1.664,11.412,0.912,13.989
TOBA,TOBA BARA SEJAHTRA TBK. PT,2018,11,1.33,29.63,0,0.67,0.08,2.43,0.18,0.87,1.537,10.293,0.903,12.733
TOBA,TOBA BARA SEJAHTRA TBK. PT,2019,12,1.40,29.81,0,0.67,0.07,0.91,0.17,0.83,1.732,13.364,0.925,16.021
TOBA,TOBA BARA SEJAHTRA TBK. PT,2020,13,1.65,30.02,1,0.67,0.05,1.01,0.12,0.43,1.677,22.790,0.956,25.423
TOBA,TOBA BARA SEJAHTRA TBK. PT,2021,14,1.42,30.14,1,0.67,0.08,1.31,0.19,0.54,0.943,16.449,0.939,18.332
TOBA,TOBA BARA SEJAHTRA TBK. PT,2022,15,1.12,30.28,1,0.67,0.10,0.87,0.22,0.71,0.970,24.245,0.959,26.173
TPMA,TRANS POWER MARINE TBK. PT,2013,8,1.44,27.93,0,0.67,0.06,2.50,0.15,0.45,1.057,20.787,0.952,22.796
TPMA,TRANS POWER MARINE TBK. PT,2014,9,1.17,28.11,0,0.67,0.09,3.04,0.19,0.53,0.864,14.486,0.931,16.281
TPMA,TRANS POWER MARINE TBK. PT,2015,10,1.02,28.19,0,0.67,0.01,1.79,0.03,0.38,0.873,15.523,0.936,17.331
TPMA,TRANS POWER MARINE TBK. PT,2016,11,0.83,28.11,0,0.67,0.01,2.34,0.02,0.27,0.673,12.023,0.917,13.613
TPMA,TRANS POWER MARINE TBK. PT,2017,12,0.64,28.07,0,0.67,0.04,2.71,0.07,0.33,0.445,8.367,0.880,9.692
TPMA,TRANS POWER MARINE TBK. PT,2018,13,0.47,28.13,0,0.67,0.07,7.96,0.10,0.39,0.452,8.348,0.880,9.680
TPMA,TRANS POWER MARINE TBK. PT,2019,14,0.41,28.07,0,0.67,0.07,0.72,0.10,0.43,0.471,9.104,0.890,10.466
TPMA,TRANS POWER MARINE TBK. PT,2020,15,0.35,28.01,0,0.67,0.02,0.89,0.03,0.38,0.499,10.087,0.901,11.487
TPMA,TRANS POWER MARINE TBK. PT,2021,16,0.29,27.98,0,0.67,0.04,0.95,0.05,0.42,0.503,9.373,0.893,10.770
TPMA,TRANS POWER MARINE TBK. PT,2022,17,0.21,28.16,0,0.67,0.13,0.89,0.16,0.59,0.521,9.428,0.894,10.842
TRAM,TRADA ALAM MINERA TBK.. PT,2012,14,1.49,28.81,1,0.67,-0.10,1.02,-0.24,0.16,0.569,10.705,0.907,12.180
TRAM,TRADA ALAM MINERA TBK.. PT,2013,15,1.30,28.99,1,0.67,0.01,1.05,0.01,0.20,0.568,7.574,0.868,9.010
TRAM,TRADA ALAM MINERA TBK.. PT,2014,16,1.71,28.90,0,0.67,-0.12,0.70,-0.32,0.21,0.341,7.055,0.858,8.254
TRAM,TRADA ALAM MINERA TBK.. PT,2015,17,6.11,28.67,0,0.67,-0.34,0.88,-2.40,0.16,0.731,11.554,0.913,13.198
TRAM,TRADA ALAM MINERA TBK.. PT,2016,18,-11.44,29.07,0,0.67,-0.05,1.14,0.56,0.12,3.359,19.974,0.950,24.283
TRAM,TRADA ALAM MINERA TBK.. PT,2017,19,1.13,39.57,0,0.67,0.00,0.53,-0.01,0.05,-1.399,9.026,0.889,8.516
TRAM,TRADA ALAM MINERA TBK.. PT,2018,20,0.55,29.74,0,0.67,0.04,0.38,0.06,0.42,0.092,6.760,0.852,7.704
TRAM,TRADA ALAM MINERA TBK.. PT,2019,21,1.63,29.49,0,0.67,-0.45,1.01,-1.17,0.68,0.599,9.894,0.899,11.392
UNIQ,ULIMA NITRA TBK.. PT,2021,29,0.53,26.97,0,0.67,-0.02,0.88,-0.03,0.62,1.144,4.741,0.789,6.674
UNIQ,ULIMA NITRA TBK.. PT,2022,30,0.62,27.09,0,0.67,0.04,0.70,0.06,0.73,1.304,5.223,0.809,7.336
WINS,WINTERMAR OFFSHORE MARINE TBK.. PT,2019,24,0.60,28.87,0,0.67,-0.07,0.53,-0.11,0.23,0.447,13.438,0.926,14.811
WINS,WINTERMAR OFFSHORE MARINE TBK.. PT,2020,25,0.57,28.77,0,0.67,-0.07,0.51,-0.11,0.21,0.349,11.433,0.913,12.695
WINS,WINTERMAR OFFSHORE MARINE TBK.. PT,2021,26,0.27,28.66,0,0.67,0.00,0.51,0.00,0.20,0.266,10.609,0.906,11.781
WINS,WINTERMAR OFFSHORE MARINE TBK.. PT,2022,27,0.22,28.72,0,0.67,0.01,0.66,0.01,0.32,0.447,5.247,0.809,6.504
WOWS,GINTING JAYA ENERGI TBK. PT,2019,8,0.37,27.42,0,0.67,0.02,1.03,0.03,0.22,0.263,3.620,0.724,4.606
WOWS,GINTING JAYA ENERGI TBK. PT,2020,9,0.29,27.36,0,0.67,0.00,0.45,0.00,0.15,0.184,4.218,0.763,5.166
WOWS,GINTING JAYA ENERGI TBK. PT,2021,10,0.28,27.30,0,0.67,-0.05,0.36,-0.06,0.13,0.197,3.234,0.691,4.122
WOWS,GINTING JAYA ENERGI TBK. PT,2022,11,0.28,27.24,0,0.67,-0.04,0.40,-0.05,0.15,0.255,4.047,0.753,5.054
